x-axis,1,2,3
second,Volt,Volt,Volt
-2.000000E+00,,,
-1.998438E+00,+1.351916E+00,+4.502670E+00,+157E-06
-1.996875E+00,+1.351916E+00,+4.502670E+00,+157E-06
-1.995313E+00,+1.351916E+00,+4.502670E+00,+157E-06
-1.993750E+00,+1.351916E+00,+4.502670E+00,+157E-06
-1.992188E+00,+1.351916E+00,+4.502670E+00,+157E-06
-1.990625E+00,+1.351916E+00,+4.502670E+00,+157E-06
-1.989063E+00,+1.351916E+00,+4.502670E+00,+157E-06
-1.987500E+00,+1.351916E+00,+4.502670E+00,+157E-06
-1.985938E+00,+1.351916E+00,+4.502670E+00,+157E-06
-1.984375E+00,+1.346891E+00,+4.502670E+00,+157E-06
-1.982813E+00,+1.351916E+00,+4.502670E+00,+157E-06
-1.981250E+00,+1.351916E+00,+4.502670E+00,+157E-06
-1.979688E+00,+1.351916E+00,+4.502670E+00,+157E-06
-1.978125E+00,+1.346891E+00,+4.502670E+00,+157E-06
-1.976563E+00,+1.351916E+00,+4.502670E+00,+157E-06
-1.975000E+00,+1.351916E+00,+4.502670E+00,+5.182E-03
-1.973438E+00,+1.346891E+00,+4.502670E+00,+5.182E-03
-1.971875E+00,+1.351916E+00,+4.502670E+00,+5.182E-03
-1.970313E+00,+1.346891E+00,+4.502670E+00,+5.182E-03
-1.968750E+00,+1.346891E+00,+4.502670E+00,+5.182E-03
-1.967188E+00,+1.351916E+00,+4.502670E+00,+5.182E-03
-1.965625E+00,+1.351916E+00,+4.502670E+00,+5.182E-03
-1.964063E+00,+1.346891E+00,+4.502670E+00,+5.182E-03
-1.962500E+00,+1.351916E+00,+4.502670E+00,+5.182E-03
-1.960938E+00,+1.351916E+00,+4.502670E+00,+5.182E-03
-1.959375E+00,+1.351916E+00,+4.502670E+00,+5.182E-03
-1.957813E+00,+1.351916E+00,+4.502670E+00,+5.182E-03
-1.956250E+00,+1.351916E+00,+4.502670E+00,+10.207E-03
-1.954688E+00,+1.346891E+00,+4.502670E+00,+5.182E-03
-1.953125E+00,+1.351916E+00,+4.502670E+00,+5.182E-03
-1.951563E+00,+1.351916E+00,+4.502670E+00,+5.182E-03
-1.950000E+00,+1.351916E+00,+4.502670E+00,+5.182E-03
-1.948438E+00,+1.346891E+00,+4.502670E+00,+5.182E-03
-1.946875E+00,+1.346891E+00,+4.502670E+00,+10.207E-03
-1.945313E+00,+1.346891E+00,+4.502670E+00,+5.182E-03
-1.943750E+00,+1.351916E+00,+4.502670E+00,+5.182E-03
-1.942188E+00,+1.351916E+00,+4.502670E+00,+5.182E-03
-1.940625E+00,+1.346891E+00,+4.502670E+00,+5.182E-03
-1.939063E+00,+1.346891E+00,+4.502670E+00,+5.182E-03
-1.937500E+00,+1.346891E+00,+4.502670E+00,+5.182E-03
-1.935938E+00,+1.346891E+00,+4.502670E+00,+10.207E-03
-1.934375E+00,+1.346891E+00,+4.502670E+00,+10.207E-03
-1.932813E+00,+1.346891E+00,+4.502670E+00,+10.207E-03
-1.931250E+00,+1.346891E+00,+4.502670E+00,+10.207E-03
-1.929688E+00,+1.346891E+00,+4.502670E+00,+5.182E-03
-1.928125E+00,+1.346891E+00,+4.502670E+00,+5.182E-03
-1.926563E+00,+1.346891E+00,+4.502670E+00,+5.182E-03
-1.925000E+00,+1.346891E+00,+4.502670E+00,+5.182E-03
-1.923438E+00,+1.372016E+00,+4.502670E+00,-4.868E-03
-1.921875E+00,+1.427293E+00,+4.502670E+00,-24.969E-03
-1.920313E+00,+1.432318E+00,+4.502670E+00,-24.969E-03
-1.918750E+00,+1.432318E+00,+4.502670E+00,-24.969E-03
-1.917188E+00,+1.432318E+00,+4.502670E+00,-24.969E-03
-1.915625E+00,+1.432318E+00,+4.502670E+00,-24.969E-03
-1.914063E+00,+1.427293E+00,+4.502670E+00,-24.969E-03
-1.912500E+00,+1.432318E+00,+4.502670E+00,-24.969E-03
-1.910938E+00,+1.432318E+00,+4.502670E+00,-24.969E-03
-1.909375E+00,+1.432318E+00,+4.502670E+00,-24.969E-03
-1.907813E+00,+1.432318E+00,+4.502670E+00,-24.969E-03
-1.906250E+00,+1.432318E+00,+4.502670E+00,-24.969E-03
-1.904688E+00,+1.432318E+00,+4.502670E+00,-24.969E-03
-1.903125E+00,+1.432318E+00,+4.502670E+00,-24.969E-03
-1.901563E+00,+1.427293E+00,+4.502670E+00,-24.969E-03
-1.900000E+00,+1.427293E+00,+4.502670E+00,-24.969E-03
-1.898438E+00,+1.427293E+00,+4.502670E+00,-24.969E-03
-1.896875E+00,+1.427293E+00,+4.502670E+00,-24.969E-03
-1.895313E+00,+1.427293E+00,+4.502670E+00,-24.969E-03
-1.893750E+00,+1.437343E+00,+4.502670E+00,-19.943E-03
-1.892188E+00,+1.437343E+00,+4.502670E+00,-19.943E-03
-1.890625E+00,+1.437343E+00,+4.502670E+00,-19.943E-03
-1.889063E+00,+1.437343E+00,+4.502670E+00,-19.943E-03
-1.887500E+00,+1.437343E+00,+4.502670E+00,-19.943E-03
-1.885938E+00,+1.437343E+00,+4.502670E+00,-19.943E-03
-1.884375E+00,+1.437343E+00,+4.502670E+00,-19.943E-03
-1.882813E+00,+1.437343E+00,+4.502670E+00,-19.943E-03
-1.881250E+00,+1.437343E+00,+4.502670E+00,-19.943E-03
-1.879688E+00,+1.437343E+00,+4.502670E+00,-19.943E-03
-1.878125E+00,+1.437343E+00,+4.502670E+00,-19.943E-03
-1.876563E+00,+1.437343E+00,+4.502670E+00,-19.943E-03
-1.875000E+00,+1.437343E+00,+4.502670E+00,-19.943E-03
-1.873438E+00,+1.437343E+00,+4.502670E+00,-19.943E-03
-1.871875E+00,+1.442368E+00,+4.502670E+00,-19.943E-03
-1.870313E+00,+1.437343E+00,+4.502670E+00,-19.943E-03
-1.868750E+00,+1.437343E+00,+4.502670E+00,-19.943E-03
-1.867188E+00,+1.437343E+00,+4.502670E+00,-19.943E-03
-1.865625E+00,+1.442368E+00,+4.502670E+00,-19.943E-03
-1.864063E+00,+1.437343E+00,+4.502670E+00,-19.943E-03
-1.862500E+00,+1.437343E+00,+4.502670E+00,-19.943E-03
-1.860938E+00,+1.382067E+00,+4.502670E+00,-9.893E-03
-1.859375E+00,+1.356941E+00,+4.502670E+00,-4.868E-03
-1.857813E+00,+1.356941E+00,+4.502670E+00,-4.868E-03
-1.856250E+00,+1.356941E+00,+4.502670E+00,-4.868E-03
-1.854688E+00,+1.356941E+00,+4.502670E+00,-4.868E-03
-1.853125E+00,+1.356941E+00,+4.502670E+00,-4.868E-03
-1.851563E+00,+1.356941E+00,+4.502670E+00,-4.868E-03
-1.850000E+00,+1.356941E+00,+4.502670E+00,-4.868E-03
-1.848438E+00,+1.356941E+00,+4.502670E+00,-4.868E-03
-1.846875E+00,+1.356941E+00,+4.502670E+00,-4.868E-03
-1.845313E+00,+1.356941E+00,+4.502670E+00,-4.868E-03
-1.843750E+00,+1.356941E+00,+4.502670E+00,-9.893E-03
-1.842188E+00,+1.356941E+00,+4.502670E+00,-9.893E-03
-1.840625E+00,+1.356941E+00,+4.502670E+00,-4.868E-03
-1.839063E+00,+1.356941E+00,+4.502670E+00,-4.868E-03
-1.837500E+00,+1.356941E+00,+4.502670E+00,-4.868E-03
-1.835938E+00,+1.356941E+00,+4.502670E+00,-4.868E-03
-1.834375E+00,+1.356941E+00,+4.502670E+00,-4.868E-03
-1.832813E+00,+1.356941E+00,+4.502670E+00,-4.868E-03
-1.831250E+00,+1.356941E+00,+4.502670E+00,-4.868E-03
-1.829688E+00,+1.356941E+00,+4.502670E+00,-4.868E-03
-1.828125E+00,+1.341866E+00,+4.502670E+00,+157E-06
-1.826563E+00,+1.336840E+00,+4.502670E+00,+10.207E-03
-1.825000E+00,+1.336840E+00,+4.502670E+00,+10.207E-03
-1.823438E+00,+1.336840E+00,+4.502670E+00,+5.182E-03
-1.821875E+00,+1.336840E+00,+4.502670E+00,+10.207E-03
-1.820313E+00,+1.336840E+00,+4.502670E+00,+10.207E-03
-1.818750E+00,+1.336840E+00,+4.502670E+00,+10.207E-03
-1.817188E+00,+1.336840E+00,+4.502670E+00,+5.182E-03
-1.815625E+00,+1.336840E+00,+4.502670E+00,+5.182E-03
-1.814063E+00,+1.336840E+00,+4.502670E+00,+5.182E-03
-1.812500E+00,+1.336840E+00,+4.502670E+00,+5.182E-03
-1.810938E+00,+1.336840E+00,+4.502670E+00,+5.182E-03
-1.809375E+00,+1.336840E+00,+4.502670E+00,+10.207E-03
-1.807813E+00,+1.336840E+00,+4.502670E+00,+10.207E-03
-1.806250E+00,+1.336840E+00,+4.502670E+00,+10.207E-03
-1.804688E+00,+1.336840E+00,+4.502670E+00,+10.207E-03
-1.803125E+00,+1.336840E+00,+4.502670E+00,+5.182E-03
-1.801563E+00,+1.336840E+00,+4.502670E+00,+10.207E-03
-1.800000E+00,+1.336840E+00,+4.502670E+00,+5.182E-03
-1.798438E+00,+1.336840E+00,+4.502670E+00,+5.182E-03
-1.796875E+00,+1.407192E+00,+4.502670E+00,-14.918E-03
-1.795313E+00,+1.422268E+00,+4.502670E+00,-19.943E-03
-1.793750E+00,+1.422268E+00,+4.502670E+00,-19.943E-03
-1.792188E+00,+1.422268E+00,+4.502670E+00,-19.943E-03
-1.790625E+00,+1.422268E+00,+4.502670E+00,-19.943E-03
-1.789063E+00,+1.427293E+00,+4.502670E+00,-19.943E-03
-1.787500E+00,+1.427293E+00,+4.502670E+00,-19.943E-03
-1.785938E+00,+1.422268E+00,+4.502670E+00,-19.943E-03
-1.784375E+00,+1.422268E+00,+4.502670E+00,-19.943E-03
-1.782813E+00,+1.422268E+00,+4.502670E+00,-19.943E-03
-1.781250E+00,+1.422268E+00,+4.502670E+00,-19.943E-03
-1.779688E+00,+1.422268E+00,+4.502670E+00,-19.943E-03
-1.778125E+00,+1.422268E+00,+4.502670E+00,-19.943E-03
-1.776563E+00,+1.422268E+00,+4.502670E+00,-19.943E-03
-1.775000E+00,+1.422268E+00,+4.502670E+00,-19.943E-03
-1.773438E+00,+1.422268E+00,+4.502670E+00,-19.943E-03
-1.771875E+00,+1.422268E+00,+4.502670E+00,-19.943E-03
-1.770313E+00,+1.422268E+00,+4.502670E+00,-19.943E-03
-1.768750E+00,+1.422268E+00,+4.502670E+00,-19.943E-03
-1.767188E+00,+1.422268E+00,+4.502670E+00,-19.943E-03
-1.765625E+00,+1.427293E+00,+4.502670E+00,-19.943E-03
-1.764063E+00,+1.427293E+00,+4.502670E+00,-19.943E-03
-1.762500E+00,+1.427293E+00,+4.502670E+00,-19.943E-03
-1.760938E+00,+1.427293E+00,+4.502670E+00,-19.943E-03
-1.759375E+00,+1.427293E+00,+4.502670E+00,-19.943E-03
-1.757813E+00,+1.427293E+00,+4.502670E+00,-19.943E-03
-1.756250E+00,+1.427293E+00,+4.502670E+00,-19.943E-03
-1.754688E+00,+1.427293E+00,+4.502670E+00,-19.943E-03
-1.753125E+00,+1.427293E+00,+4.502670E+00,-19.943E-03
-1.751563E+00,+1.427293E+00,+4.502670E+00,-19.943E-03
-1.750000E+00,+1.427293E+00,+4.502670E+00,-19.943E-03
-1.748438E+00,+1.427293E+00,+4.502670E+00,-19.943E-03
-1.746875E+00,+1.427293E+00,+4.502670E+00,-19.943E-03
-1.745313E+00,+1.427293E+00,+4.502670E+00,-19.943E-03
-1.743750E+00,+1.427293E+00,+4.502670E+00,-19.943E-03
-1.742188E+00,+1.427293E+00,+4.502670E+00,-19.943E-03
-1.740625E+00,+1.427293E+00,+4.502670E+00,-19.943E-03
-1.739063E+00,+1.427293E+00,+4.502670E+00,-19.943E-03
-1.737500E+00,+1.427293E+00,+4.502670E+00,-19.943E-03
-1.735938E+00,+1.427293E+00,+4.502670E+00,-19.943E-03
-1.734375E+00,+1.432318E+00,+4.502670E+00,-19.943E-03
-1.732813E+00,+1.432318E+00,+4.502670E+00,-24.969E-03
-1.731250E+00,+1.427293E+00,+4.502670E+00,-24.969E-03
-1.729688E+00,+1.427293E+00,+4.502670E+00,-24.969E-03
-1.728125E+00,+1.427293E+00,+4.502670E+00,-24.969E-03
-1.726563E+00,+1.432318E+00,+4.502670E+00,-24.969E-03
-1.725000E+00,+1.427293E+00,+4.502670E+00,-24.969E-03
-1.723438E+00,+1.427293E+00,+4.502670E+00,-24.969E-03
-1.721875E+00,+1.432318E+00,+4.502670E+00,-24.969E-03
-1.720313E+00,+1.427293E+00,+4.502670E+00,-24.969E-03
-1.718750E+00,+1.432318E+00,+4.502670E+00,-24.969E-03
-1.717188E+00,+1.432318E+00,+4.502670E+00,-24.969E-03
-1.715625E+00,+1.432318E+00,+4.502670E+00,-24.969E-03
-1.714063E+00,+1.427293E+00,+4.502670E+00,-24.969E-03
-1.712500E+00,+1.427293E+00,+4.502670E+00,-24.969E-03
-1.710938E+00,+1.427293E+00,+4.502670E+00,-24.969E-03
-1.709375E+00,+1.427293E+00,+4.502670E+00,-24.969E-03
-1.707813E+00,+1.427293E+00,+4.502670E+00,-24.969E-03
-1.706250E+00,+1.427293E+00,+4.502670E+00,-24.969E-03
-1.704688E+00,+1.432318E+00,+4.502670E+00,-24.969E-03
-1.703125E+00,+1.427293E+00,+4.502670E+00,-24.969E-03
-1.701563E+00,+1.427293E+00,+4.502670E+00,-24.969E-03
-1.700000E+00,+1.422268E+00,+4.502670E+00,-24.969E-03
-1.698438E+00,+1.422268E+00,+4.502670E+00,-24.969E-03
-1.696875E+00,+1.422268E+00,+4.502670E+00,-24.969E-03
-1.695313E+00,+1.422268E+00,+4.502670E+00,-24.969E-03
-1.693750E+00,+1.422268E+00,+4.502670E+00,-24.969E-03
-1.692188E+00,+1.422268E+00,+4.502670E+00,-24.969E-03
-1.690625E+00,+1.427293E+00,+4.502670E+00,-24.969E-03
-1.689063E+00,+1.427293E+00,+4.502670E+00,-24.969E-03
-1.687500E+00,+1.427293E+00,+4.502670E+00,-24.969E-03
-1.685938E+00,+1.422268E+00,+4.502670E+00,-24.969E-03
-1.684375E+00,+1.427293E+00,+4.502670E+00,-24.969E-03
-1.682813E+00,+1.427293E+00,+4.502670E+00,-24.969E-03
-1.681250E+00,+1.422268E+00,+4.502670E+00,-24.969E-03
-1.679688E+00,+1.427293E+00,+4.502670E+00,-24.969E-03
-1.678125E+00,+1.427293E+00,+4.502670E+00,-24.969E-03
-1.676563E+00,+1.427293E+00,+4.502670E+00,-24.969E-03
-1.675000E+00,+1.427293E+00,+4.502670E+00,-24.969E-03
-1.673438E+00,+1.422268E+00,+4.502670E+00,-24.969E-03
-1.671875E+00,+1.422268E+00,+4.502670E+00,-24.969E-03
-1.670313E+00,+1.422268E+00,+4.502670E+00,-24.969E-03
-1.668750E+00,+1.351916E+00,+4.502670E+00,-9.893E-03
-1.667188E+00,+1.351916E+00,+4.502670E+00,-9.893E-03
-1.665625E+00,+1.351916E+00,+4.502670E+00,-9.893E-03
-1.664063E+00,+1.351916E+00,+4.502670E+00,-9.893E-03
-1.662500E+00,+1.351916E+00,+4.502670E+00,-4.868E-03
-1.660938E+00,+1.351916E+00,+4.502670E+00,-9.893E-03
-1.659375E+00,+1.351916E+00,+4.502670E+00,-9.893E-03
-1.657813E+00,+1.351916E+00,+4.502670E+00,-9.893E-03
-1.656250E+00,+1.351916E+00,+4.502670E+00,-4.868E-03
-1.654688E+00,+1.351916E+00,+4.502670E+00,-9.893E-03
-1.653125E+00,+1.351916E+00,+4.502670E+00,-9.893E-03
-1.651563E+00,+1.351916E+00,+4.502670E+00,-9.893E-03
-1.650000E+00,+1.351916E+00,+4.502670E+00,-9.893E-03
-1.648438E+00,+1.351916E+00,+4.502670E+00,-9.893E-03
-1.646875E+00,+1.351916E+00,+4.502670E+00,-9.893E-03
-1.645313E+00,+1.351916E+00,+4.502670E+00,-9.893E-03
-1.643750E+00,+1.351916E+00,+4.502670E+00,-9.893E-03
-1.642188E+00,+1.351916E+00,+4.502670E+00,-4.868E-03
-1.640625E+00,+1.351916E+00,+4.502670E+00,-9.893E-03
-1.639063E+00,+1.366991E+00,+4.502670E+00,-4.868E-03
-1.637500E+00,+1.417242E+00,+4.502670E+00,+5.182E-03
-1.635938E+00,+1.417242E+00,+4.502670E+00,+157E-06
-1.634375E+00,+1.417242E+00,+4.502670E+00,+157E-06
-1.632813E+00,+1.417242E+00,+4.502670E+00,+157E-06
-1.631250E+00,+1.417242E+00,+4.502670E+00,+5.182E-03
-1.629688E+00,+1.417242E+00,+4.502670E+00,+5.182E-03
-1.628125E+00,+1.417242E+00,+4.502670E+00,+5.182E-03
-1.626563E+00,+1.417242E+00,+4.502670E+00,+5.182E-03
-1.625000E+00,+1.417242E+00,+4.502670E+00,+5.182E-03
-1.623438E+00,+1.417242E+00,+4.502670E+00,+5.182E-03
-1.621875E+00,+1.417242E+00,+4.502670E+00,+157E-06
-1.620313E+00,+1.417242E+00,+4.502670E+00,+5.182E-03
-1.618750E+00,+1.417242E+00,+4.502670E+00,+157E-06
-1.617188E+00,+1.417242E+00,+4.502670E+00,+157E-06
-1.615625E+00,+1.417242E+00,+4.502670E+00,+157E-06
-1.614063E+00,+1.417242E+00,+4.502670E+00,+157E-06
-1.612500E+00,+1.417242E+00,+4.502670E+00,+157E-06
-1.610938E+00,+1.417242E+00,+4.502670E+00,+5.182E-03
-1.609375E+00,+1.417242E+00,+4.502670E+00,+5.182E-03
-1.607813E+00,+1.417242E+00,+4.502670E+00,+157E-06
-1.606250E+00,+1.417242E+00,+4.502670E+00,+157E-06
-1.604688E+00,+1.407192E+00,+4.502670E+00,+157E-06
-1.603125E+00,+1.407192E+00,+4.502670E+00,+157E-06
-1.601563E+00,+1.407192E+00,+4.502670E+00,+157E-06
-1.600000E+00,+1.407192E+00,+4.502670E+00,+157E-06
-1.598438E+00,+1.407192E+00,+4.502670E+00,+157E-06
-1.596875E+00,+1.407192E+00,+4.502670E+00,+157E-06
-1.595313E+00,+1.407192E+00,+4.502670E+00,+157E-06
-1.593750E+00,+1.402167E+00,+4.502670E+00,+157E-06
-1.592188E+00,+1.402167E+00,+4.502670E+00,+157E-06
-1.590625E+00,+1.402167E+00,+4.502670E+00,+157E-06
-1.589063E+00,+1.402167E+00,+4.502670E+00,+157E-06
-1.587500E+00,+1.402167E+00,+4.502670E+00,+157E-06
-1.585938E+00,+1.402167E+00,+4.502670E+00,+157E-06
-1.584375E+00,+1.402167E+00,+4.502670E+00,+157E-06
-1.582813E+00,+1.407192E+00,+4.502670E+00,+157E-06
-1.581250E+00,+1.407192E+00,+4.502670E+00,+157E-06
-1.579688E+00,+1.407192E+00,+4.502670E+00,+157E-06
-1.578125E+00,+1.407192E+00,+4.502670E+00,+157E-06
-1.576563E+00,+1.407192E+00,+4.502670E+00,+157E-06
-1.575000E+00,+1.402167E+00,+4.502670E+00,+157E-06
-1.573438E+00,+1.402167E+00,+4.502670E+00,+157E-06
-1.571875E+00,+1.351916E+00,+4.502670E+00,+25.283E-03
-1.570313E+00,+1.351916E+00,+4.502670E+00,+30.308E-03
-1.568750E+00,+1.351916E+00,+4.502670E+00,+30.308E-03
-1.567188E+00,+1.351916E+00,+4.502670E+00,+30.308E-03
-1.565625E+00,+1.351916E+00,+4.502670E+00,+30.308E-03
-1.564063E+00,+1.351916E+00,+4.502670E+00,+30.308E-03
-1.562500E+00,+1.351916E+00,+4.502670E+00,+30.308E-03
-1.560938E+00,+1.351916E+00,+4.502670E+00,+30.308E-03
-1.559375E+00,+1.351916E+00,+4.502670E+00,+30.308E-03
-1.557813E+00,+1.351916E+00,+4.502670E+00,+30.308E-03
-1.556250E+00,+1.351916E+00,+4.502670E+00,+30.308E-03
-1.554688E+00,+1.351916E+00,+4.502670E+00,+30.308E-03
-1.553125E+00,+1.351916E+00,+4.502670E+00,+30.308E-03
-1.551563E+00,+1.346891E+00,+4.502670E+00,+30.308E-03
-1.550000E+00,+1.351916E+00,+4.502670E+00,+30.308E-03
-1.548438E+00,+1.351916E+00,+4.502670E+00,+30.308E-03
-1.546875E+00,+1.351916E+00,+4.502670E+00,+30.308E-03
-1.545313E+00,+1.351916E+00,+4.502670E+00,+30.308E-03
-1.543750E+00,+1.351916E+00,+4.502670E+00,+25.283E-03
-1.542188E+00,+1.346891E+00,+4.502670E+00,+30.308E-03
-1.540625E+00,+1.326790E+00,+4.502670E+00,+30.308E-03
-1.539063E+00,+1.326790E+00,+4.502670E+00,+30.308E-03
-1.537500E+00,+1.326790E+00,+4.502670E+00,+30.308E-03
-1.535938E+00,+1.326790E+00,+4.502670E+00,+30.308E-03
-1.534375E+00,+1.326790E+00,+4.502670E+00,+30.308E-03
-1.532813E+00,+1.326790E+00,+4.502670E+00,+30.308E-03
-1.531250E+00,+1.326790E+00,+4.502670E+00,+30.308E-03
-1.529688E+00,+1.326790E+00,+4.502670E+00,+30.308E-03
-1.528125E+00,+1.326790E+00,+4.502670E+00,+30.308E-03
-1.526563E+00,+1.331815E+00,+4.502670E+00,+30.308E-03
-1.525000E+00,+1.331815E+00,+4.502670E+00,+30.308E-03
-1.523438E+00,+1.331815E+00,+4.502670E+00,+30.308E-03
-1.521875E+00,+1.331815E+00,+4.502670E+00,+30.308E-03
-1.520313E+00,+1.331815E+00,+4.502670E+00,+30.308E-03
-1.518750E+00,+1.331815E+00,+4.502670E+00,+30.308E-03
-1.517188E+00,+1.331815E+00,+4.502670E+00,+30.308E-03
-1.515625E+00,+1.331815E+00,+4.502670E+00,+30.308E-03
-1.514063E+00,+1.331815E+00,+4.502670E+00,+30.308E-03
-1.512500E+00,+1.331815E+00,+4.502670E+00,+30.308E-03
-1.510938E+00,+1.331815E+00,+4.502670E+00,+30.308E-03
-1.509375E+00,+1.331815E+00,+4.502670E+00,+30.308E-03
-1.507813E+00,+1.331815E+00,+4.502670E+00,+30.308E-03
-1.506250E+00,+1.326790E+00,+4.502670E+00,+30.308E-03
-1.504688E+00,+1.331815E+00,+4.502670E+00,+30.308E-03
-1.503125E+00,+1.326790E+00,+4.502670E+00,+30.308E-03
-1.501563E+00,+1.331815E+00,+4.502670E+00,+30.308E-03
-1.500000E+00,+1.331815E+00,+4.502670E+00,+30.308E-03
-1.498438E+00,+1.331815E+00,+4.502670E+00,+30.308E-03
-1.496875E+00,+1.331815E+00,+4.502670E+00,+30.308E-03
-1.495313E+00,+1.326790E+00,+4.502670E+00,+30.308E-03
-1.493750E+00,+1.402167E+00,+4.502670E+00,+55.433E-03
-1.492188E+00,+1.412217E+00,+4.502670E+00,+55.433E-03
-1.490625E+00,+1.412217E+00,+4.502670E+00,+55.433E-03
-1.489063E+00,+1.412217E+00,+4.502670E+00,+55.433E-03
-1.487500E+00,+1.412217E+00,+4.502670E+00,+55.433E-03
-1.485938E+00,+1.412217E+00,+4.502670E+00,+55.433E-03
-1.484375E+00,+1.412217E+00,+4.502670E+00,+55.433E-03
-1.482813E+00,+1.412217E+00,+4.502670E+00,+55.433E-03
-1.481250E+00,+1.412217E+00,+4.502670E+00,+55.433E-03
-1.479688E+00,+1.412217E+00,+4.502670E+00,+55.433E-03
-1.478125E+00,+1.412217E+00,+4.502670E+00,+55.433E-03
-1.476563E+00,+1.412217E+00,+4.502670E+00,+55.433E-03
-1.475000E+00,+1.412217E+00,+4.502670E+00,+55.433E-03
-1.473438E+00,+1.412217E+00,+4.502670E+00,+55.433E-03
-1.471875E+00,+1.412217E+00,+4.502670E+00,+55.433E-03
-1.470313E+00,+1.412217E+00,+4.502670E+00,+55.433E-03
-1.468750E+00,+1.412217E+00,+4.502670E+00,+55.433E-03
-1.467188E+00,+1.412217E+00,+4.502670E+00,+55.433E-03
-1.465625E+00,+1.412217E+00,+4.502670E+00,+55.433E-03
-1.464063E+00,+1.412217E+00,+4.502670E+00,+55.433E-03
-1.462500E+00,+1.412217E+00,+4.502670E+00,+55.433E-03
-1.460938E+00,+1.412217E+00,+4.502670E+00,+55.433E-03
-1.459375E+00,+1.382067E+00,+4.502670E+00,+70.509E-03
-1.457813E+00,+1.346891E+00,+4.502670E+00,+80.559E-03
-1.456250E+00,+1.346891E+00,+4.502670E+00,+80.559E-03
-1.454688E+00,+1.346891E+00,+4.502670E+00,+80.559E-03
-1.453125E+00,+1.346891E+00,+4.502670E+00,+80.559E-03
-1.451563E+00,+1.346891E+00,+4.502670E+00,+80.559E-03
-1.450000E+00,+1.346891E+00,+4.502670E+00,+80.559E-03
-1.448438E+00,+1.346891E+00,+4.502670E+00,+80.559E-03
-1.446875E+00,+1.346891E+00,+4.502670E+00,+80.559E-03
-1.445313E+00,+1.346891E+00,+4.502670E+00,+80.559E-03
-1.443750E+00,+1.346891E+00,+4.502670E+00,+80.559E-03
-1.442188E+00,+1.346891E+00,+4.502670E+00,+80.559E-03
-1.440625E+00,+1.346891E+00,+4.502670E+00,+80.559E-03
-1.439063E+00,+1.346891E+00,+4.502670E+00,+80.559E-03
-1.437500E+00,+1.346891E+00,+4.502670E+00,+80.559E-03
-1.435938E+00,+1.346891E+00,+4.502670E+00,+80.559E-03
-1.434375E+00,+1.346891E+00,+4.502670E+00,+80.559E-03
-1.432813E+00,+1.346891E+00,+4.502670E+00,+80.559E-03
-1.431250E+00,+1.346891E+00,+4.502670E+00,+85.584E-03
-1.429688E+00,+1.417242E+00,+4.502670E+00,+105.685E-03
-1.428125E+00,+1.417242E+00,+4.502670E+00,+110.710E-03
-1.426563E+00,+1.417242E+00,+4.502670E+00,+110.710E-03
-1.425000E+00,+1.422268E+00,+4.502670E+00,+105.685E-03
-1.423438E+00,+1.417242E+00,+4.502670E+00,+105.685E-03
-1.421875E+00,+1.417242E+00,+4.502670E+00,+105.685E-03
-1.420313E+00,+1.422268E+00,+4.502670E+00,+105.685E-03
-1.418750E+00,+1.422268E+00,+4.502670E+00,+105.685E-03
-1.417188E+00,+1.422268E+00,+4.502670E+00,+105.685E-03
-1.415625E+00,+1.422268E+00,+4.502670E+00,+105.685E-03
-1.414063E+00,+1.422268E+00,+4.502670E+00,+105.685E-03
-1.412500E+00,+1.417242E+00,+4.502670E+00,+105.685E-03
-1.410938E+00,+1.417242E+00,+4.502670E+00,+105.685E-03
-1.409375E+00,+1.422268E+00,+4.502670E+00,+105.685E-03
-1.407813E+00,+1.422268E+00,+4.502670E+00,+105.685E-03
-1.406250E+00,+1.417242E+00,+4.502670E+00,+105.685E-03
-1.404688E+00,+1.422268E+00,+4.502670E+00,+105.685E-03
-1.403125E+00,+1.417242E+00,+4.502670E+00,+105.685E-03
-1.401563E+00,+1.417242E+00,+4.502670E+00,+105.685E-03
-1.400000E+00,+1.417242E+00,+4.502670E+00,+105.685E-03
-1.398438E+00,+1.417242E+00,+4.502670E+00,+105.685E-03
-1.396875E+00,+1.407192E+00,+4.502670E+00,+125.785E-03
-1.395313E+00,+1.407192E+00,+4.502670E+00,+125.785E-03
-1.393750E+00,+1.407192E+00,+4.502670E+00,+125.785E-03
-1.392188E+00,+1.407192E+00,+4.502670E+00,+130.810E-03
-1.390625E+00,+1.407192E+00,+4.502670E+00,+130.810E-03
-1.389063E+00,+1.407192E+00,+4.502670E+00,+130.810E-03
-1.387500E+00,+1.407192E+00,+4.502670E+00,+130.810E-03
-1.385938E+00,+1.407192E+00,+4.502670E+00,+130.810E-03
-1.384375E+00,+1.407192E+00,+4.502670E+00,+130.810E-03
-1.382813E+00,+1.407192E+00,+4.502670E+00,+130.810E-03
-1.381250E+00,+1.407192E+00,+4.502670E+00,+130.810E-03
-1.379688E+00,+1.407192E+00,+4.502670E+00,+130.810E-03
-1.378125E+00,+1.407192E+00,+4.502670E+00,+130.810E-03
-1.376563E+00,+1.402167E+00,+4.502670E+00,+130.810E-03
-1.375000E+00,+1.402167E+00,+4.502670E+00,+130.810E-03
-1.373438E+00,+1.402167E+00,+4.502670E+00,+130.810E-03
-1.371875E+00,+1.407192E+00,+4.502670E+00,+130.810E-03
-1.370313E+00,+1.402167E+00,+4.502670E+00,+130.810E-03
-1.368750E+00,+1.402167E+00,+4.502670E+00,+130.810E-03
-1.367188E+00,+1.402167E+00,+4.502670E+00,+130.810E-03
-1.365625E+00,+1.402167E+00,+4.502670E+00,+130.810E-03
-1.364063E+00,+1.417242E+00,+4.502670E+00,+160.961E-03
-1.362500E+00,+1.417242E+00,+4.502670E+00,+171.011E-03
-1.360938E+00,+1.417242E+00,+4.502670E+00,+165.986E-03
-1.359375E+00,+1.417242E+00,+4.502670E+00,+165.986E-03
-1.357813E+00,+1.417242E+00,+4.502670E+00,+165.986E-03
-1.356250E+00,+1.417242E+00,+4.502670E+00,+165.986E-03
-1.354688E+00,+1.417242E+00,+4.502670E+00,+165.986E-03
-1.353125E+00,+1.417242E+00,+4.502670E+00,+165.986E-03
-1.351563E+00,+1.417242E+00,+4.502670E+00,+165.986E-03
-1.350000E+00,+1.417242E+00,+4.502670E+00,+165.986E-03
-1.348438E+00,+1.417242E+00,+4.502670E+00,+165.986E-03
-1.346875E+00,+1.417242E+00,+4.502670E+00,+165.986E-03
-1.345313E+00,+1.417242E+00,+4.502670E+00,+165.986E-03
-1.343750E+00,+1.417242E+00,+4.502670E+00,+165.986E-03
-1.342188E+00,+1.417242E+00,+4.502670E+00,+165.986E-03
-1.340625E+00,+1.417242E+00,+4.502670E+00,+165.986E-03
-1.339063E+00,+1.417242E+00,+4.502670E+00,+165.986E-03
-1.337500E+00,+1.417242E+00,+4.502670E+00,+171.011E-03
-1.335938E+00,+1.417242E+00,+4.502670E+00,+165.986E-03
-1.334375E+00,+1.417242E+00,+4.502670E+00,+165.986E-03
-1.332813E+00,+1.392117E+00,+4.502670E+00,+216.237E-03
-1.331250E+00,+1.392117E+00,+4.502670E+00,+216.237E-03
-1.329688E+00,+1.392117E+00,+4.502670E+00,+216.237E-03
-1.328125E+00,+1.392117E+00,+4.502670E+00,+216.237E-03
-1.326563E+00,+1.392117E+00,+4.502670E+00,+216.237E-03
-1.325000E+00,+1.392117E+00,+4.502670E+00,+216.237E-03
-1.323438E+00,+1.397142E+00,+4.502670E+00,+216.237E-03
-1.321875E+00,+1.397142E+00,+4.502670E+00,+216.237E-03
-1.320313E+00,+1.397142E+00,+4.502670E+00,+216.237E-03
-1.318750E+00,+1.392117E+00,+4.502670E+00,+216.237E-03
-1.317188E+00,+1.392117E+00,+4.502670E+00,+216.237E-03
-1.315625E+00,+1.392117E+00,+4.502670E+00,+216.237E-03
-1.314063E+00,+1.392117E+00,+4.502670E+00,+216.237E-03
-1.312500E+00,+1.392117E+00,+4.502670E+00,+216.237E-03
-1.310938E+00,+1.392117E+00,+4.502670E+00,+216.237E-03
-1.309375E+00,+1.392117E+00,+4.502670E+00,+216.237E-03
-1.307813E+00,+1.392117E+00,+4.502670E+00,+216.237E-03
-1.306250E+00,+1.392117E+00,+4.502670E+00,+216.237E-03
-1.304688E+00,+1.392117E+00,+4.502670E+00,+216.237E-03
-1.303125E+00,+1.397142E+00,+4.502670E+00,+216.237E-03
-1.301563E+00,+1.392117E+00,+4.502670E+00,+216.237E-03
-1.300000E+00,+1.392117E+00,+4.502670E+00,+236.338E-03
-1.298438E+00,+1.392117E+00,+4.502670E+00,+241.363E-03
-1.296875E+00,+1.392117E+00,+4.502670E+00,+236.338E-03
-1.295313E+00,+1.392117E+00,+4.502670E+00,+241.363E-03
-1.293750E+00,+1.392117E+00,+4.502670E+00,+236.338E-03
-1.292188E+00,+1.392117E+00,+4.502670E+00,+236.338E-03
-1.290625E+00,+1.392117E+00,+4.502670E+00,+236.338E-03
-1.289063E+00,+1.392117E+00,+4.502670E+00,+236.338E-03
-1.287500E+00,+1.392117E+00,+4.502670E+00,+236.338E-03
-1.285938E+00,+1.392117E+00,+4.502670E+00,+236.338E-03
-1.284375E+00,+1.392117E+00,+4.502670E+00,+241.363E-03
-1.282813E+00,+1.392117E+00,+4.502670E+00,+241.363E-03
-1.281250E+00,+1.392117E+00,+4.502670E+00,+236.338E-03
-1.279688E+00,+1.392117E+00,+4.502670E+00,+236.338E-03
-1.278125E+00,+1.392117E+00,+4.502670E+00,+236.338E-03
-1.276563E+00,+1.392117E+00,+4.502670E+00,+236.338E-03
-1.275000E+00,+1.392117E+00,+4.502670E+00,+236.338E-03
-1.273438E+00,+1.392117E+00,+4.502670E+00,+241.363E-03
-1.271875E+00,+1.392117E+00,+4.502670E+00,+241.363E-03
-1.270313E+00,+1.392117E+00,+4.502670E+00,+241.363E-03
-1.268750E+00,+1.392117E+00,+4.502670E+00,+241.363E-03
-1.267188E+00,+1.397142E+00,+4.502670E+00,+281.564E-03
-1.265625E+00,+1.397142E+00,+4.502670E+00,+296.639E-03
-1.264063E+00,+1.397142E+00,+4.502670E+00,+296.639E-03
-1.262500E+00,+1.397142E+00,+4.502670E+00,+296.639E-03
-1.260938E+00,+1.397142E+00,+4.502670E+00,+296.639E-03
-1.259375E+00,+1.397142E+00,+4.502670E+00,+291.614E-03
-1.257813E+00,+1.397142E+00,+4.502670E+00,+291.614E-03
-1.256250E+00,+1.397142E+00,+4.502670E+00,+291.614E-03
-1.254688E+00,+1.397142E+00,+4.502670E+00,+291.614E-03
-1.253125E+00,+1.397142E+00,+4.502670E+00,+291.614E-03
-1.251563E+00,+1.397142E+00,+4.502670E+00,+291.614E-03
-1.250000E+00,+1.397142E+00,+4.502670E+00,+291.614E-03
-1.248438E+00,+1.397142E+00,+4.502670E+00,+291.614E-03
-1.246875E+00,+1.397142E+00,+4.502670E+00,+291.614E-03
-1.245313E+00,+1.397142E+00,+4.502670E+00,+291.614E-03
-1.243750E+00,+1.397142E+00,+4.502670E+00,+291.614E-03
-1.242188E+00,+1.397142E+00,+4.502670E+00,+291.614E-03
-1.240625E+00,+1.397142E+00,+4.502670E+00,+296.639E-03
-1.239063E+00,+1.397142E+00,+4.502670E+00,+296.639E-03
-1.237500E+00,+1.397142E+00,+4.502670E+00,+296.639E-03
-1.235938E+00,+1.392117E+00,+4.502670E+00,+351.916E-03
-1.234375E+00,+1.392117E+00,+4.502670E+00,+351.916E-03
-1.232813E+00,+1.392117E+00,+4.502670E+00,+351.916E-03
-1.231250E+00,+1.392117E+00,+4.502670E+00,+351.916E-03
-1.229688E+00,+1.392117E+00,+4.502670E+00,+351.916E-03
-1.228125E+00,+1.392117E+00,+4.502670E+00,+351.916E-03
-1.226563E+00,+1.392117E+00,+4.502670E+00,+351.916E-03
-1.225000E+00,+1.392117E+00,+4.502670E+00,+351.916E-03
-1.223438E+00,+1.392117E+00,+4.502670E+00,+351.916E-03
-1.221875E+00,+1.392117E+00,+4.502670E+00,+351.916E-03
-1.220313E+00,+1.392117E+00,+4.502670E+00,+351.916E-03
-1.218750E+00,+1.392117E+00,+4.502670E+00,+351.916E-03
-1.217188E+00,+1.392117E+00,+4.502670E+00,+351.916E-03
-1.215625E+00,+1.392117E+00,+4.502670E+00,+351.916E-03
-1.214063E+00,+1.392117E+00,+4.502670E+00,+351.916E-03
-1.212500E+00,+1.392117E+00,+4.502670E+00,+351.916E-03
-1.210938E+00,+1.392117E+00,+4.502670E+00,+351.916E-03
-1.209375E+00,+1.392117E+00,+4.502670E+00,+351.916E-03
-1.207813E+00,+1.392117E+00,+4.502670E+00,+351.916E-03
-1.206250E+00,+1.397142E+00,+4.502670E+00,+366.991E-03
-1.204688E+00,+1.417242E+00,+4.502670E+00,+417.242E-03
-1.203125E+00,+1.417242E+00,+4.502670E+00,+417.242E-03
-1.201563E+00,+1.417242E+00,+4.502670E+00,+417.242E-03
-1.200000E+00,+1.417242E+00,+4.502670E+00,+417.242E-03
-1.198438E+00,+1.417242E+00,+4.502670E+00,+417.242E-03
-1.196875E+00,+1.422268E+00,+4.502670E+00,+417.242E-03
-1.195313E+00,+1.422268E+00,+4.502670E+00,+417.242E-03
-1.193750E+00,+1.422268E+00,+4.502670E+00,+417.242E-03
-1.192188E+00,+1.417242E+00,+4.502670E+00,+417.242E-03
-1.190625E+00,+1.417242E+00,+4.502670E+00,+417.242E-03
-1.189063E+00,+1.417242E+00,+4.502670E+00,+417.242E-03
-1.187500E+00,+1.417242E+00,+4.502670E+00,+417.242E-03
-1.185938E+00,+1.417242E+00,+4.502670E+00,+417.242E-03
-1.184375E+00,+1.417242E+00,+4.502670E+00,+417.242E-03
-1.182813E+00,+1.417242E+00,+4.502670E+00,+417.242E-03
-1.181250E+00,+1.417242E+00,+4.502670E+00,+417.242E-03
-1.179688E+00,+1.417242E+00,+4.502670E+00,+417.242E-03
-1.178125E+00,+1.417242E+00,+4.502670E+00,+417.242E-03
-1.176563E+00,+1.417242E+00,+4.502670E+00,+417.242E-03
-1.175000E+00,+1.422268E+00,+4.502670E+00,+467.494E-03
-1.173438E+00,+1.422268E+00,+4.502670E+00,+537.845E-03
-1.171875E+00,+1.427293E+00,+4.502670E+00,+537.845E-03
-1.170313E+00,+1.427293E+00,+4.502670E+00,+537.845E-03
-1.168750E+00,+1.427293E+00,+4.502670E+00,+537.845E-03
-1.167188E+00,+1.427293E+00,+4.502670E+00,+537.845E-03
-1.165625E+00,+1.427293E+00,+4.502670E+00,+537.845E-03
-1.164063E+00,+1.427293E+00,+4.502670E+00,+537.845E-03
-1.162500E+00,+1.427293E+00,+4.502670E+00,+537.845E-03
-1.160938E+00,+1.427293E+00,+4.502670E+00,+537.845E-03
-1.159375E+00,+1.427293E+00,+4.502670E+00,+537.845E-03
-1.157813E+00,+1.427293E+00,+4.502670E+00,+537.845E-03
-1.156250E+00,+1.427293E+00,+4.502670E+00,+537.845E-03
-1.154688E+00,+1.427293E+00,+4.502670E+00,+537.845E-03
-1.153125E+00,+1.427293E+00,+4.502670E+00,+537.845E-03
-1.151563E+00,+1.427293E+00,+4.502670E+00,+537.845E-03
-1.150000E+00,+1.427293E+00,+4.502670E+00,+537.845E-03
-1.148438E+00,+1.427293E+00,+4.502670E+00,+537.845E-03
-1.146875E+00,+1.427293E+00,+4.502670E+00,+537.845E-03
-1.145313E+00,+1.427293E+00,+4.502670E+00,+542.871E-03
-1.143750E+00,+1.427293E+00,+4.502670E+00,+542.871E-03
-1.142188E+00,+1.427293E+00,+4.502670E+00,+542.871E-03
-1.140625E+00,+1.422268E+00,+4.502670E+00,+542.871E-03
-1.139063E+00,+1.412217E+00,+4.502670E+00,+588.097E-03
-1.137500E+00,+1.412217E+00,+4.502670E+00,+588.097E-03
-1.135938E+00,+1.412217E+00,+4.502670E+00,+588.097E-03
-1.134375E+00,+1.412217E+00,+4.502670E+00,+588.097E-03
-1.132813E+00,+1.412217E+00,+4.502670E+00,+588.097E-03
-1.131250E+00,+1.412217E+00,+4.502670E+00,+588.097E-03
-1.129688E+00,+1.412217E+00,+4.502670E+00,+588.097E-03
-1.128125E+00,+1.412217E+00,+4.502670E+00,+588.097E-03
-1.126563E+00,+1.412217E+00,+4.502670E+00,+588.097E-03
-1.125000E+00,+1.417242E+00,+4.502670E+00,+588.097E-03
-1.123438E+00,+1.417242E+00,+4.502670E+00,+593.122E-03
-1.121875E+00,+1.417242E+00,+4.502670E+00,+588.097E-03
-1.120313E+00,+1.417242E+00,+4.502670E+00,+588.097E-03
-1.118750E+00,+1.417242E+00,+4.502670E+00,+588.097E-03
-1.117188E+00,+1.417242E+00,+4.502670E+00,+588.097E-03
-1.115625E+00,+1.417242E+00,+4.502670E+00,+588.097E-03
-1.114063E+00,+1.412217E+00,+4.502670E+00,+588.097E-03
-1.112500E+00,+1.412217E+00,+4.502670E+00,+588.097E-03
-1.110938E+00,+1.412217E+00,+4.502670E+00,+588.097E-03
-1.109375E+00,+1.412217E+00,+4.502670E+00,+588.097E-03
-1.107813E+00,+1.412217E+00,+4.502670E+00,+588.097E-03
-1.106250E+00,+1.412217E+00,+4.502670E+00,+588.097E-03
-1.104688E+00,+1.412217E+00,+4.502670E+00,+588.097E-03
-1.103125E+00,+1.412217E+00,+4.502670E+00,+588.097E-03
-1.101563E+00,+1.412217E+00,+4.502670E+00,+588.097E-03
-1.100000E+00,+1.412217E+00,+4.502670E+00,+588.097E-03
-1.098438E+00,+1.412217E+00,+4.502670E+00,+588.097E-03
-1.096875E+00,+1.412217E+00,+4.502670E+00,+588.097E-03
-1.095313E+00,+1.412217E+00,+4.502670E+00,+588.097E-03
-1.093750E+00,+1.412217E+00,+4.502670E+00,+588.097E-03
-1.092188E+00,+1.412217E+00,+4.502670E+00,+663.474E-03
-1.090625E+00,+1.412217E+00,+4.502670E+00,+703.675E-03
-1.089063E+00,+1.412217E+00,+4.502670E+00,+703.675E-03
-1.087500E+00,+1.412217E+00,+4.502670E+00,+703.675E-03
-1.085938E+00,+1.412217E+00,+4.502670E+00,+703.675E-03
-1.084375E+00,+1.412217E+00,+4.502670E+00,+703.675E-03
-1.082813E+00,+1.412217E+00,+4.502670E+00,+703.675E-03
-1.081250E+00,+1.412217E+00,+4.502670E+00,+703.675E-03
-1.079688E+00,+1.412217E+00,+4.502670E+00,+703.675E-03
-1.078125E+00,+1.412217E+00,+4.502670E+00,+703.675E-03
-1.076563E+00,+1.417242E+00,+4.502670E+00,+703.675E-03
-1.075000E+00,+1.412217E+00,+4.502670E+00,+703.675E-03
-1.073438E+00,+1.412217E+00,+4.502670E+00,+703.675E-03
-1.071875E+00,+1.412217E+00,+4.502670E+00,+703.675E-03
-1.070313E+00,+1.412217E+00,+4.502670E+00,+703.675E-03
-1.068750E+00,+1.417242E+00,+4.502670E+00,+703.675E-03
-1.067188E+00,+1.412217E+00,+4.502670E+00,+703.675E-03
-1.065625E+00,+1.412217E+00,+4.502670E+00,+703.675E-03
-1.064063E+00,+1.412217E+00,+4.502670E+00,+703.675E-03
-1.062500E+00,+1.412217E+00,+4.502670E+00,+703.675E-03
-1.060938E+00,+1.432318E+00,+4.502670E+00,+834.328E-03
-1.059375E+00,+1.437343E+00,+4.502670E+00,+849.403E-03
-1.057813E+00,+1.437343E+00,+4.502670E+00,+849.403E-03
-1.056250E+00,+1.437343E+00,+4.502670E+00,+849.403E-03
-1.054688E+00,+1.437343E+00,+4.502670E+00,+849.403E-03
-1.053125E+00,+1.437343E+00,+4.502670E+00,+849.403E-03
-1.051563E+00,+1.437343E+00,+4.502670E+00,+849.403E-03
-1.050000E+00,+1.437343E+00,+4.502670E+00,+849.403E-03
-1.048438E+00,+1.437343E+00,+4.502670E+00,+849.403E-03
-1.046875E+00,+1.432318E+00,+4.502670E+00,+849.403E-03
-1.045313E+00,+1.432318E+00,+4.502670E+00,+849.403E-03
-1.043750E+00,+1.437343E+00,+4.502670E+00,+844.378E-03
-1.042188E+00,+1.437343E+00,+4.497644E+00,+844.378E-03
-1.040625E+00,+1.437343E+00,+4.502670E+00,+844.378E-03
-1.039063E+00,+1.437343E+00,+4.502670E+00,+844.378E-03
-1.037500E+00,+1.437343E+00,+4.497644E+00,+844.378E-03
-1.035938E+00,+1.437343E+00,+4.502670E+00,+844.378E-03
-1.034375E+00,+1.432318E+00,+4.502670E+00,+844.378E-03
-1.032813E+00,+1.432318E+00,+4.502670E+00,+844.378E-03
-1.031250E+00,+1.432318E+00,+4.502670E+00,+844.378E-03
-1.029688E+00,+1.432318E+00,+4.502670E+00,+844.378E-03
-1.028125E+00,+1.422268E+00,+4.502670E+00,+879.554E-03
-1.026563E+00,+1.417242E+00,+4.502670E+00,+884.579E-03
-1.025000E+00,+1.417242E+00,+4.502670E+00,+889.604E-03
-1.023438E+00,+1.417242E+00,+4.502670E+00,+889.604E-03
-1.021875E+00,+1.417242E+00,+4.502670E+00,+884.579E-03
-1.020313E+00,+1.417242E+00,+4.502670E+00,+889.604E-03
-1.018750E+00,+1.417242E+00,+4.497644E+00,+884.579E-03
-1.017188E+00,+1.417242E+00,+4.497644E+00,+889.604E-03
-1.015625E+00,+1.417242E+00,+4.502670E+00,+889.604E-03
-1.014063E+00,+1.417242E+00,+4.502670E+00,+889.604E-03
-1.012500E+00,+1.417242E+00,+4.502670E+00,+889.604E-03
-1.010938E+00,+1.417242E+00,+4.502670E+00,+889.604E-03
-1.009375E+00,+1.417242E+00,+4.502670E+00,+889.604E-03
-1.007813E+00,+1.417242E+00,+4.502670E+00,+889.604E-03
-1.006250E+00,+1.417242E+00,+4.502670E+00,+889.604E-03
-1.004688E+00,+1.417242E+00,+4.502670E+00,+889.604E-03
-1.003125E+00,+1.417242E+00,+4.502670E+00,+889.604E-03
-1.001563E+00,+1.417242E+00,+4.502670E+00,+889.604E-03
-1.000000E+00,+1.417242E+00,+4.502670E+00,+889.604E-03
-998.438E-03,+1.417242E+00,+4.502670E+00,+884.579E-03
-996.875E-03,+1.417242E+00,+4.502670E+00,+884.579E-03
-995.313E-03,+1.417242E+00,+4.502670E+00,+884.579E-03
-993.750E-03,+1.417242E+00,+4.502670E+00,+924.780E-03
-992.188E-03,+1.417242E+00,+4.502670E+00,+995.132E-03
-990.625E-03,+1.417242E+00,+4.502670E+00,+995.132E-03
-989.063E-03,+1.417242E+00,+4.502670E+00,+995.132E-03
-987.500E-03,+1.417242E+00,+4.502670E+00,+995.132E-03
-985.938E-03,+1.417242E+00,+4.497644E+00,+995.132E-03
-984.375E-03,+1.417242E+00,+4.502670E+00,+995.132E-03
-982.813E-03,+1.417242E+00,+4.502670E+00,+995.132E-03
-981.250E-03,+1.417242E+00,+4.502670E+00,+995.132E-03
-979.688E-03,+1.417242E+00,+4.502670E+00,+995.132E-03
-978.125E-03,+1.417242E+00,+4.502670E+00,+995.132E-03
-976.563E-03,+1.417242E+00,+4.502670E+00,+995.132E-03
-975.000E-03,+1.417242E+00,+4.502670E+00,+995.132E-03
-973.438E-03,+1.417242E+00,+4.502670E+00,+995.132E-03
-971.875E-03,+1.417242E+00,+4.502670E+00,+995.132E-03
-970.313E-03,+1.417242E+00,+4.502670E+00,+995.132E-03
-968.750E-03,+1.417242E+00,+4.502670E+00,+995.132E-03
-967.188E-03,+1.417242E+00,+4.502670E+00,+995.132E-03
-965.625E-03,+1.417242E+00,+4.502670E+00,+995.132E-03
-964.063E-03,+1.417242E+00,+4.502670E+00,+995.132E-03
-962.500E-03,+1.427293E+00,+4.502670E+00,+1.070509E+00
-960.938E-03,+1.432318E+00,+4.502670E+00,+1.135835E+00
-959.375E-03,+1.432318E+00,+4.502670E+00,+1.135835E+00
-957.813E-03,+1.437343E+00,+4.502670E+00,+1.135835E+00
-956.250E-03,+1.437343E+00,+4.502670E+00,+1.135835E+00
-954.688E-03,+1.432318E+00,+4.502670E+00,+1.135835E+00
-953.125E-03,+1.432318E+00,+4.502670E+00,+1.135835E+00
-951.563E-03,+1.432318E+00,+4.502670E+00,+1.135835E+00
-950.000E-03,+1.432318E+00,+4.502670E+00,+1.135835E+00
-948.438E-03,+1.432318E+00,+4.502670E+00,+1.135835E+00
-946.875E-03,+1.432318E+00,+4.502670E+00,+1.135835E+00
-945.313E-03,+1.432318E+00,+4.502670E+00,+1.135835E+00
-943.750E-03,+1.437343E+00,+4.502670E+00,+1.135835E+00
-942.188E-03,+1.432318E+00,+4.502670E+00,+1.135835E+00
-940.625E-03,+1.432318E+00,+4.502670E+00,+1.135835E+00
-939.063E-03,+1.432318E+00,+4.502670E+00,+1.135835E+00
-937.500E-03,+1.432318E+00,+4.502670E+00,+1.135835E+00
-935.938E-03,+1.432318E+00,+4.502670E+00,+1.135835E+00
-934.375E-03,+1.432318E+00,+4.502670E+00,+1.135835E+00
-932.813E-03,+1.432318E+00,+4.502670E+00,+1.135835E+00
-931.250E-03,+1.432318E+00,+4.502670E+00,+1.135835E+00
-929.688E-03,+1.432318E+00,+4.502670E+00,+1.135835E+00
-928.125E-03,+1.432318E+00,+4.502670E+00,+1.145886E+00
-926.563E-03,+1.407192E+00,+4.502670E+00,+1.251413E+00
-925.000E-03,+1.412217E+00,+4.502670E+00,+1.251413E+00
-923.438E-03,+1.412217E+00,+4.502670E+00,+1.251413E+00
-921.875E-03,+1.412217E+00,+4.502670E+00,+1.251413E+00
-920.313E-03,+1.412217E+00,+4.502670E+00,+1.251413E+00
-918.750E-03,+1.412217E+00,+4.502670E+00,+1.251413E+00
-917.188E-03,+1.412217E+00,+4.502670E+00,+1.251413E+00
-915.625E-03,+1.412217E+00,+4.502670E+00,+1.251413E+00
-914.063E-03,+1.412217E+00,+4.502670E+00,+1.251413E+00
-912.500E-03,+1.412217E+00,+4.502670E+00,+1.251413E+00
-910.938E-03,+1.412217E+00,+4.502670E+00,+1.251413E+00
-909.375E-03,+1.412217E+00,+4.502670E+00,+1.251413E+00
-907.813E-03,+1.412217E+00,+4.502670E+00,+1.251413E+00
-906.250E-03,+1.412217E+00,+4.502670E+00,+1.251413E+00
-904.688E-03,+1.412217E+00,+4.502670E+00,+1.251413E+00
-903.125E-03,+1.412217E+00,+4.502670E+00,+1.251413E+00
-901.563E-03,+1.412217E+00,+4.502670E+00,+1.251413E+00
-900.000E-03,+1.412217E+00,+4.502670E+00,+1.251413E+00
-898.438E-03,+1.412217E+00,+4.502670E+00,+1.351916E+00
-896.875E-03,+1.412217E+00,+4.502670E+00,+1.412217E+00
-895.313E-03,+1.412217E+00,+4.502670E+00,+1.412217E+00
-893.750E-03,+1.412217E+00,+4.502670E+00,+1.412217E+00
-892.188E-03,+1.412217E+00,+4.502670E+00,+1.412217E+00
-890.625E-03,+1.412217E+00,+4.502670E+00,+1.412217E+00
-889.063E-03,+1.412217E+00,+4.502670E+00,+1.412217E+00
-887.500E-03,+1.412217E+00,+4.502670E+00,+1.412217E+00
-885.938E-03,+1.412217E+00,+4.502670E+00,+1.412217E+00
-884.375E-03,+1.412217E+00,+4.502670E+00,+1.412217E+00
-882.813E-03,+1.412217E+00,+4.502670E+00,+1.412217E+00
-881.250E-03,+1.412217E+00,+4.502670E+00,+1.412217E+00
-879.688E-03,+1.412217E+00,+4.502670E+00,+1.412217E+00
-878.125E-03,+1.412217E+00,+4.502670E+00,+1.412217E+00
-876.563E-03,+1.412217E+00,+4.502670E+00,+1.412217E+00
-875.000E-03,+1.412217E+00,+4.502670E+00,+1.412217E+00
-873.438E-03,+1.412217E+00,+4.502670E+00,+1.412217E+00
-871.875E-03,+1.412217E+00,+4.502670E+00,+1.412217E+00
-870.313E-03,+1.412217E+00,+4.502670E+00,+1.412217E+00
-868.750E-03,+1.412217E+00,+4.502670E+00,+1.412217E+00
-867.188E-03,+1.407192E+00,+4.502670E+00,+1.507695E+00
-865.625E-03,+1.407192E+00,+4.502670E+00,+1.527795E+00
-864.063E-03,+1.407192E+00,+4.502670E+00,+1.527795E+00
-862.500E-03,+1.407192E+00,+4.502670E+00,+1.527795E+00
-860.938E-03,+1.407192E+00,+4.502670E+00,+1.527795E+00
-859.375E-03,+1.407192E+00,+4.502670E+00,+1.527795E+00
-857.813E-03,+1.407192E+00,+4.502670E+00,+1.527795E+00
-856.250E-03,+1.407192E+00,+4.502670E+00,+1.527795E+00
-854.688E-03,+1.407192E+00,+4.502670E+00,+1.527795E+00
-853.125E-03,+1.402167E+00,+4.502670E+00,+1.527795E+00
-851.563E-03,+1.407192E+00,+4.497644E+00,+1.527795E+00
-850.000E-03,+1.407192E+00,+4.502670E+00,+1.527795E+00
-848.438E-03,+1.407192E+00,+4.502670E+00,+1.527795E+00
-846.875E-03,+1.407192E+00,+4.502670E+00,+1.527795E+00
-845.313E-03,+1.407192E+00,+4.502670E+00,+1.527795E+00
-843.750E-03,+1.407192E+00,+4.502670E+00,+1.527795E+00
-842.188E-03,+1.407192E+00,+4.502670E+00,+1.527795E+00
-840.625E-03,+1.407192E+00,+4.502670E+00,+1.527795E+00
-839.063E-03,+1.407192E+00,+4.502670E+00,+1.583072E+00
-837.500E-03,+1.397142E+00,+4.502670E+00,+1.678549E+00
-835.938E-03,+1.402167E+00,+4.502670E+00,+1.678549E+00
-834.375E-03,+1.397142E+00,+4.502670E+00,+1.678549E+00
-832.813E-03,+1.402167E+00,+4.502670E+00,+1.678549E+00
-831.250E-03,+1.402167E+00,+4.497644E+00,+1.678549E+00
-829.688E-03,+1.402167E+00,+4.497644E+00,+1.678549E+00
-828.125E-03,+1.402167E+00,+4.502670E+00,+1.678549E+00
-826.563E-03,+1.402167E+00,+4.502670E+00,+1.678549E+00
-825.000E-03,+1.402167E+00,+4.502670E+00,+1.678549E+00
-823.438E-03,+1.397142E+00,+4.502670E+00,+1.678549E+00
-821.875E-03,+1.397142E+00,+4.502670E+00,+1.678549E+00
-820.313E-03,+1.397142E+00,+4.502670E+00,+1.678549E+00
-818.750E-03,+1.397142E+00,+4.502670E+00,+1.678549E+00
-817.188E-03,+1.397142E+00,+4.502670E+00,+1.678549E+00
-815.625E-03,+1.397142E+00,+4.502670E+00,+1.678549E+00
-814.063E-03,+1.397142E+00,+4.497644E+00,+1.678549E+00
-812.500E-03,+1.397142E+00,+4.497644E+00,+1.678549E+00
-810.938E-03,+1.397142E+00,+4.502670E+00,+1.678549E+00
-809.375E-03,+1.397142E+00,+4.497644E+00,+1.678549E+00
-807.813E-03,+1.397142E+00,+4.497644E+00,+1.678549E+00
-806.250E-03,+1.397142E+00,+4.497644E+00,+1.678549E+00
-804.688E-03,+1.397142E+00,+4.497644E+00,+1.678549E+00
-803.125E-03,+1.402167E+00,+4.497644E+00,+1.799152E+00
-801.563E-03,+1.402167E+00,+4.497644E+00,+1.809202E+00
-800.000E-03,+1.402167E+00,+4.502670E+00,+1.809202E+00
-798.438E-03,+1.402167E+00,+4.502670E+00,+1.809202E+00
-796.875E-03,+1.407192E+00,+4.502670E+00,+1.809202E+00
-795.313E-03,+1.407192E+00,+4.502670E+00,+1.809202E+00
-793.750E-03,+1.402167E+00,+4.502670E+00,+1.809202E+00
-792.188E-03,+1.407192E+00,+4.502670E+00,+1.809202E+00
-790.625E-03,+1.407192E+00,+4.502670E+00,+1.809202E+00
-789.063E-03,+1.407192E+00,+4.502670E+00,+1.809202E+00
-787.500E-03,+1.402167E+00,+4.502670E+00,+1.809202E+00
-785.938E-03,+1.407192E+00,+4.502670E+00,+1.809202E+00
-784.375E-03,+1.402167E+00,+4.502670E+00,+1.809202E+00
-782.813E-03,+1.402167E+00,+4.502670E+00,+1.809202E+00
-781.250E-03,+1.402167E+00,+4.502670E+00,+1.809202E+00
-779.688E-03,+1.402167E+00,+4.502670E+00,+1.809202E+00
-778.125E-03,+1.402167E+00,+4.502670E+00,+1.814227E+00
-776.563E-03,+1.402167E+00,+4.502670E+00,+1.814227E+00
-775.000E-03,+1.397142E+00,+4.502670E+00,+1.879554E+00
-773.438E-03,+1.387092E+00,+4.502670E+00,+1.959956E+00
-771.875E-03,+1.387092E+00,+4.502670E+00,+1.959956E+00
-770.313E-03,+1.387092E+00,+4.502670E+00,+1.959956E+00
-768.750E-03,+1.387092E+00,+4.502670E+00,+1.959956E+00
-767.188E-03,+1.387092E+00,+4.502670E+00,+1.954931E+00
-765.625E-03,+1.387092E+00,+4.502670E+00,+1.954931E+00
-764.063E-03,+1.387092E+00,+4.502670E+00,+1.954931E+00
-762.500E-03,+1.387092E+00,+4.502670E+00,+1.954931E+00
-760.938E-03,+1.387092E+00,+4.502670E+00,+1.954931E+00
-759.375E-03,+1.387092E+00,+4.502670E+00,+1.959956E+00
-757.813E-03,+1.387092E+00,+4.502670E+00,+1.959956E+00
-756.250E-03,+1.387092E+00,+4.502670E+00,+1.954931E+00
-754.688E-03,+1.387092E+00,+4.502670E+00,+1.954931E+00
-753.125E-03,+1.387092E+00,+4.502670E+00,+1.954931E+00
-751.563E-03,+1.387092E+00,+4.502670E+00,+1.954931E+00
-750.000E-03,+1.387092E+00,+4.497644E+00,+1.959956E+00
-748.438E-03,+1.387092E+00,+4.502670E+00,+1.959956E+00
-746.875E-03,+1.387092E+00,+4.502670E+00,+1.954931E+00
-745.313E-03,+1.387092E+00,+4.502670E+00,+1.954931E+00
-743.750E-03,+1.387092E+00,+4.502670E+00,+1.954931E+00
-742.188E-03,+1.392117E+00,+4.502670E+00,+2.010207E+00
-740.625E-03,+1.397142E+00,+4.502670E+00,+2.115735E+00
-739.063E-03,+1.397142E+00,+4.502670E+00,+2.115735E+00
-737.500E-03,+1.397142E+00,+4.502670E+00,+2.115735E+00
-735.938E-03,+1.397142E+00,+4.502670E+00,+2.115735E+00
-734.375E-03,+1.397142E+00,+4.502670E+00,+2.115735E+00
-732.813E-03,+1.397142E+00,+4.502670E+00,+2.115735E+00
-731.250E-03,+1.397142E+00,+4.497644E+00,+2.115735E+00
-729.688E-03,+1.397142E+00,+4.497644E+00,+2.115735E+00
-728.125E-03,+1.397142E+00,+4.497644E+00,+2.115735E+00
-726.563E-03,+1.397142E+00,+4.497644E+00,+2.115735E+00
-725.000E-03,+1.397142E+00,+4.502670E+00,+2.115735E+00
-723.438E-03,+1.397142E+00,+4.502670E+00,+2.115735E+00
-721.875E-03,+1.397142E+00,+4.497644E+00,+2.115735E+00
-720.313E-03,+1.402167E+00,+4.497644E+00,+2.115735E+00
-718.750E-03,+1.402167E+00,+4.497644E+00,+2.115735E+00
-717.188E-03,+1.397142E+00,+4.497644E+00,+2.115735E+00
-715.625E-03,+1.397142E+00,+4.497644E+00,+2.115735E+00
-714.063E-03,+1.397142E+00,+4.497644E+00,+2.115735E+00
-712.500E-03,+1.397142E+00,+4.497644E+00,+2.115735E+00
-710.938E-03,+1.402167E+00,+4.502670E+00,+2.115735E+00
-709.375E-03,+1.402167E+00,+4.502670E+00,+2.115735E+00
-707.813E-03,+1.402167E+00,+4.502670E+00,+2.115735E+00
-706.250E-03,+1.402167E+00,+4.502670E+00,+2.115735E+00
-704.688E-03,+1.402167E+00,+4.497644E+00,+2.115735E+00
-703.125E-03,+1.402167E+00,+4.497644E+00,+2.115735E+00
-701.563E-03,+1.402167E+00,+4.502670E+00,+2.115735E+00
-700.000E-03,+1.402167E+00,+4.502670E+00,+2.115735E+00
-698.438E-03,+1.397142E+00,+4.502670E+00,+2.115735E+00
-696.875E-03,+1.397142E+00,+4.502670E+00,+2.115735E+00
-695.313E-03,+1.397142E+00,+4.502670E+00,+2.115735E+00
-693.750E-03,+1.397142E+00,+4.502670E+00,+2.115735E+00
-692.188E-03,+1.387092E+00,+4.502670E+00,+2.221263E+00
-690.625E-03,+1.387092E+00,+4.502670E+00,+2.261464E+00
-689.063E-03,+1.387092E+00,+4.502670E+00,+2.261464E+00
-687.500E-03,+1.387092E+00,+4.502670E+00,+2.261464E+00
-685.938E-03,+1.387092E+00,+4.502670E+00,+2.261464E+00
-684.375E-03,+1.387092E+00,+4.502670E+00,+2.261464E+00
-682.813E-03,+1.387092E+00,+4.502670E+00,+2.261464E+00
-681.250E-03,+1.387092E+00,+4.502670E+00,+2.261464E+00
-679.688E-03,+1.387092E+00,+4.502670E+00,+2.261464E+00
-678.125E-03,+1.387092E+00,+4.502670E+00,+2.261464E+00
-676.563E-03,+1.387092E+00,+4.502670E+00,+2.261464E+00
-675.000E-03,+1.387092E+00,+4.502670E+00,+2.261464E+00
-673.438E-03,+1.387092E+00,+4.502670E+00,+2.261464E+00
-671.875E-03,+1.387092E+00,+4.502670E+00,+2.261464E+00
-670.313E-03,+1.387092E+00,+4.502670E+00,+2.261464E+00
-668.750E-03,+1.387092E+00,+4.502670E+00,+2.261464E+00
-667.188E-03,+1.387092E+00,+4.502670E+00,+2.261464E+00
-665.625E-03,+1.387092E+00,+4.502670E+00,+2.261464E+00
-664.063E-03,+1.387092E+00,+4.502670E+00,+2.261464E+00
-662.500E-03,+1.387092E+00,+4.502670E+00,+2.261464E+00
-660.938E-03,+1.372016E+00,+4.502670E+00,+2.422268E+00
-659.375E-03,+1.366991E+00,+4.502670E+00,+2.437343E+00
-657.813E-03,+1.366991E+00,+4.502670E+00,+2.437343E+00
-656.250E-03,+1.366991E+00,+4.502670E+00,+2.437343E+00
-654.688E-03,+1.366991E+00,+4.502670E+00,+2.437343E+00
-653.125E-03,+1.366991E+00,+4.502670E+00,+2.437343E+00
-651.563E-03,+1.366991E+00,+4.497644E+00,+2.437343E+00
-650.000E-03,+1.366991E+00,+4.502670E+00,+2.437343E+00
-648.438E-03,+1.366991E+00,+4.502670E+00,+2.437343E+00
-646.875E-03,+1.366991E+00,+4.502670E+00,+2.437343E+00
-645.313E-03,+1.366991E+00,+4.502670E+00,+2.437343E+00
-643.750E-03,+1.366991E+00,+4.502670E+00,+2.437343E+00
-642.188E-03,+1.366991E+00,+4.502670E+00,+2.437343E+00
-640.625E-03,+1.366991E+00,+4.502670E+00,+2.437343E+00
-639.063E-03,+1.366991E+00,+4.502670E+00,+2.437343E+00
-637.500E-03,+1.366991E+00,+4.502670E+00,+2.437343E+00
-635.938E-03,+1.366991E+00,+4.502670E+00,+2.437343E+00
-634.375E-03,+1.372016E+00,+4.502670E+00,+2.437343E+00
-632.813E-03,+1.372016E+00,+4.502670E+00,+2.437343E+00
-631.250E-03,+1.366991E+00,+4.502670E+00,+2.437343E+00
-629.688E-03,+1.366991E+00,+4.502670E+00,+2.437343E+00
-628.125E-03,+1.316740E+00,+4.502670E+00,+2.567996E+00
-626.563E-03,+1.296639E+00,+4.502670E+00,+2.598147E+00
-625.000E-03,+1.296639E+00,+4.502670E+00,+2.598147E+00
-623.438E-03,+1.296639E+00,+4.502670E+00,+2.598147E+00
-621.875E-03,+1.301665E+00,+4.502670E+00,+2.598147E+00
-620.313E-03,+1.301665E+00,+4.502670E+00,+2.598147E+00
-618.750E-03,+1.301665E+00,+4.502670E+00,+2.598147E+00
-617.188E-03,+1.301665E+00,+4.502670E+00,+2.598147E+00
-615.625E-03,+1.296639E+00,+4.502670E+00,+2.598147E+00
-614.063E-03,+1.296639E+00,+4.502670E+00,+2.598147E+00
-612.500E-03,+1.296639E+00,+4.502670E+00,+2.598147E+00
-610.938E-03,+1.296639E+00,+4.502670E+00,+2.598147E+00
-609.375E-03,+1.296639E+00,+4.502670E+00,+2.598147E+00
-607.813E-03,+1.296639E+00,+4.502670E+00,+2.598147E+00
-606.250E-03,+1.296639E+00,+4.502670E+00,+2.598147E+00
-604.688E-03,+1.296639E+00,+4.502670E+00,+2.598147E+00
-603.125E-03,+1.296639E+00,+4.502670E+00,+2.598147E+00
-601.563E-03,+1.296639E+00,+4.502670E+00,+2.598147E+00
-600.000E-03,+1.301665E+00,+4.502670E+00,+2.598147E+00
-598.438E-03,+1.301665E+00,+4.502670E+00,+2.598147E+00
-596.875E-03,+1.301665E+00,+4.502670E+00,+2.598147E+00
-595.313E-03,+1.301665E+00,+4.502670E+00,+2.593122E+00
-593.750E-03,+1.301665E+00,+4.502670E+00,+2.593122E+00
-592.188E-03,+1.301665E+00,+4.502670E+00,+2.598147E+00
-590.625E-03,+1.301665E+00,+4.502670E+00,+2.598147E+00
-589.063E-03,+1.296639E+00,+4.502670E+00,+2.598147E+00
-587.500E-03,+1.301665E+00,+4.502670E+00,+2.598147E+00
-585.938E-03,+1.301665E+00,+4.502670E+00,+2.598147E+00
-584.375E-03,+1.301665E+00,+4.502670E+00,+2.598147E+00
-582.813E-03,+1.296639E+00,+4.502670E+00,+2.598147E+00
-581.250E-03,+1.296639E+00,+4.502670E+00,+2.593122E+00
-579.688E-03,+1.301665E+00,+4.502670E+00,+2.598147E+00
-578.125E-03,+1.301665E+00,+4.502670E+00,+2.598147E+00
-576.563E-03,+1.301665E+00,+4.502670E+00,+2.598147E+00
-575.000E-03,+1.301665E+00,+4.502670E+00,+2.598147E+00
-573.438E-03,+1.301665E+00,+4.502670E+00,+2.598147E+00
-571.875E-03,+1.301665E+00,+4.502670E+00,+2.598147E+00
-570.313E-03,+1.301665E+00,+4.502670E+00,+2.598147E+00
-568.750E-03,+1.301665E+00,+4.502670E+00,+2.598147E+00
-567.188E-03,+1.301665E+00,+4.502670E+00,+2.598147E+00
-565.625E-03,+1.296639E+00,+4.502670E+00,+2.598147E+00
-564.063E-03,+1.266489E+00,+4.502670E+00,+2.814227E+00
-562.500E-03,+1.261464E+00,+4.502670E+00,+2.839353E+00
-560.938E-03,+1.261464E+00,+4.502670E+00,+2.844378E+00
-559.375E-03,+1.261464E+00,+4.502670E+00,+2.839353E+00
-557.813E-03,+1.261464E+00,+4.502670E+00,+2.844378E+00
-556.250E-03,+1.266489E+00,+4.502670E+00,+2.844378E+00
-554.688E-03,+1.261464E+00,+4.502670E+00,+2.839353E+00
-553.125E-03,+1.261464E+00,+4.502670E+00,+2.839353E+00
-551.563E-03,+1.261464E+00,+4.502670E+00,+2.844378E+00
-550.000E-03,+1.266489E+00,+4.502670E+00,+2.844378E+00
-548.438E-03,+1.266489E+00,+4.502670E+00,+2.844378E+00
-546.875E-03,+1.261464E+00,+4.502670E+00,+2.844378E+00
-545.313E-03,+1.261464E+00,+4.502670E+00,+2.844378E+00
-543.750E-03,+1.261464E+00,+4.502670E+00,+2.844378E+00
-542.188E-03,+1.261464E+00,+4.502670E+00,+2.839353E+00
-540.625E-03,+1.266489E+00,+4.502670E+00,+2.844378E+00
-539.063E-03,+1.261464E+00,+4.502670E+00,+2.844378E+00
-537.500E-03,+1.261464E+00,+4.502670E+00,+2.844378E+00
-535.938E-03,+1.261464E+00,+4.502670E+00,+2.844378E+00
-534.375E-03,+1.261464E+00,+4.502670E+00,+2.839353E+00
-532.813E-03,+1.261464E+00,+4.502670E+00,+2.844378E+00
-531.250E-03,+1.296639E+00,+4.502670E+00,+2.849403E+00
-529.688E-03,+1.311715E+00,+4.502670E+00,+2.854428E+00
-528.125E-03,+1.311715E+00,+4.502670E+00,+2.854428E+00
-526.563E-03,+1.311715E+00,+4.502670E+00,+2.854428E+00
-525.000E-03,+1.311715E+00,+4.502670E+00,+2.854428E+00
-523.438E-03,+1.311715E+00,+4.502670E+00,+2.854428E+00
-521.875E-03,+1.306690E+00,+4.502670E+00,+2.854428E+00
-520.313E-03,+1.306690E+00,+4.502670E+00,+2.854428E+00
-518.750E-03,+1.311715E+00,+4.502670E+00,+2.854428E+00
-517.188E-03,+1.311715E+00,+4.502670E+00,+2.854428E+00
-515.625E-03,+1.311715E+00,+4.502670E+00,+2.854428E+00
-514.063E-03,+1.311715E+00,+4.502670E+00,+2.854428E+00
-512.500E-03,+1.311715E+00,+4.502670E+00,+2.854428E+00
-510.938E-03,+1.311715E+00,+4.502670E+00,+2.854428E+00
-509.375E-03,+1.311715E+00,+4.502670E+00,+2.854428E+00
-507.813E-03,+1.311715E+00,+4.502670E+00,+2.854428E+00
-506.250E-03,+1.311715E+00,+4.502670E+00,+2.854428E+00
-504.688E-03,+1.311715E+00,+4.502670E+00,+2.854428E+00
-503.125E-03,+1.311715E+00,+4.502670E+00,+2.854428E+00
-501.563E-03,+1.311715E+00,+4.502670E+00,+2.854428E+00
-500.000E-03,+1.226288E+00,+4.502670E+00,+2.824278E+00
-498.438E-03,+1.226288E+00,+4.502670E+00,+2.824278E+00
-496.875E-03,+1.221263E+00,+4.502670E+00,+2.824278E+00
-495.313E-03,+1.221263E+00,+4.502670E+00,+2.824278E+00
-493.750E-03,+1.221263E+00,+4.502670E+00,+2.824278E+00
-492.188E-03,+1.221263E+00,+4.502670E+00,+2.824278E+00
-490.625E-03,+1.221263E+00,+4.502670E+00,+2.824278E+00
-489.063E-03,+1.221263E+00,+4.502670E+00,+2.824278E+00
-487.500E-03,+1.221263E+00,+4.502670E+00,+2.824278E+00
-485.938E-03,+1.221263E+00,+4.502670E+00,+2.824278E+00
-484.375E-03,+1.221263E+00,+4.502670E+00,+2.824278E+00
-482.813E-03,+1.226288E+00,+4.502670E+00,+2.824278E+00
-481.250E-03,+1.221263E+00,+4.502670E+00,+2.824278E+00
-479.688E-03,+1.221263E+00,+4.502670E+00,+2.824278E+00
-478.125E-03,+1.221263E+00,+4.502670E+00,+2.824278E+00
-476.563E-03,+1.221263E+00,+4.502670E+00,+2.824278E+00
-475.000E-03,+1.221263E+00,+4.502670E+00,+2.824278E+00
-473.438E-03,+1.221263E+00,+4.502670E+00,+2.824278E+00
-471.875E-03,+1.221263E+00,+4.502670E+00,+2.824278E+00
-470.313E-03,+1.221263E+00,+4.502670E+00,+2.819252E+00
-468.750E-03,+1.211212E+00,+4.502670E+00,+2.784077E+00
-467.188E-03,+1.216237E+00,+4.502670E+00,+2.784077E+00
-465.625E-03,+1.211212E+00,+4.502670E+00,+2.789102E+00
-464.063E-03,+1.216237E+00,+4.502670E+00,+2.784077E+00
-462.500E-03,+1.216237E+00,+4.502670E+00,+2.789102E+00
-460.938E-03,+1.216237E+00,+4.502670E+00,+2.789102E+00
-459.375E-03,+1.211212E+00,+4.502670E+00,+2.784077E+00
-457.813E-03,+1.216237E+00,+4.502670E+00,+2.789102E+00
-456.250E-03,+1.216237E+00,+4.502670E+00,+2.789102E+00
-454.688E-03,+1.216237E+00,+4.502670E+00,+2.784077E+00
-453.125E-03,+1.216237E+00,+4.502670E+00,+2.784077E+00
-451.563E-03,+1.216237E+00,+4.502670E+00,+2.784077E+00
-450.000E-03,+1.216237E+00,+4.502670E+00,+2.784077E+00
-448.438E-03,+1.216237E+00,+4.502670E+00,+2.784077E+00
-446.875E-03,+1.216237E+00,+4.502670E+00,+2.784077E+00
-445.313E-03,+1.216237E+00,+4.502670E+00,+2.784077E+00
-443.750E-03,+1.216237E+00,+4.502670E+00,+2.784077E+00
-442.188E-03,+1.216237E+00,+4.502670E+00,+2.784077E+00
-440.625E-03,+1.216237E+00,+4.502670E+00,+2.784077E+00
-439.063E-03,+1.216237E+00,+4.502670E+00,+2.784077E+00
-437.500E-03,+1.216237E+00,+4.502670E+00,+2.784077E+00
-435.938E-03,+1.206187E+00,+4.502670E+00,+2.774026E+00
-434.375E-03,+1.206187E+00,+4.502670E+00,+2.774026E+00
-432.813E-03,+1.206187E+00,+4.502670E+00,+2.774026E+00
-431.250E-03,+1.206187E+00,+4.502670E+00,+2.774026E+00
-429.688E-03,+1.206187E+00,+4.502670E+00,+2.774026E+00
-428.125E-03,+1.206187E+00,+4.502670E+00,+2.774026E+00
-426.563E-03,+1.206187E+00,+4.502670E+00,+2.774026E+00
-425.000E-03,+1.206187E+00,+4.502670E+00,+2.774026E+00
-423.438E-03,+1.206187E+00,+4.502670E+00,+2.774026E+00
-421.875E-03,+1.206187E+00,+4.502670E+00,+2.774026E+00
-420.313E-03,+1.206187E+00,+4.502670E+00,+2.769001E+00
-418.750E-03,+1.206187E+00,+4.502670E+00,+2.774026E+00
-417.188E-03,+1.206187E+00,+4.502670E+00,+2.774026E+00
-415.625E-03,+1.206187E+00,+4.502670E+00,+2.774026E+00
-414.063E-03,+1.206187E+00,+4.502670E+00,+2.774026E+00
-412.500E-03,+1.206187E+00,+4.502670E+00,+2.774026E+00
-410.938E-03,+1.206187E+00,+4.502670E+00,+2.774026E+00
-409.375E-03,+1.206187E+00,+4.502670E+00,+2.774026E+00
-407.813E-03,+1.206187E+00,+4.502670E+00,+2.774026E+00
-406.250E-03,+1.201162E+00,+4.502670E+00,+2.774026E+00
-404.688E-03,+1.176036E+00,+4.502670E+00,+2.779051E+00
-403.125E-03,+1.181062E+00,+4.502670E+00,+2.779051E+00
-401.563E-03,+1.181062E+00,+4.502670E+00,+2.779051E+00
-400.000E-03,+1.181062E+00,+4.502670E+00,+2.779051E+00
-398.438E-03,+1.176036E+00,+4.502670E+00,+2.779051E+00
-396.875E-03,+1.176036E+00,+4.502670E+00,+2.779051E+00
-395.313E-03,+1.176036E+00,+4.502670E+00,+2.779051E+00
-393.750E-03,+1.176036E+00,+4.502670E+00,+2.779051E+00
-392.188E-03,+1.176036E+00,+4.502670E+00,+2.779051E+00
-390.625E-03,+1.176036E+00,+4.502670E+00,+2.779051E+00
-389.063E-03,+1.176036E+00,+4.502670E+00,+2.779051E+00
-387.500E-03,+1.176036E+00,+4.502670E+00,+2.779051E+00
-385.938E-03,+1.176036E+00,+4.502670E+00,+2.779051E+00
-384.375E-03,+1.176036E+00,+4.502670E+00,+2.779051E+00
-382.813E-03,+1.176036E+00,+4.502670E+00,+2.779051E+00
-381.250E-03,+1.176036E+00,+4.502670E+00,+2.779051E+00
-379.688E-03,+1.176036E+00,+4.502670E+00,+2.779051E+00
-378.125E-03,+1.181062E+00,+4.502670E+00,+2.779051E+00
-376.563E-03,+1.181062E+00,+4.502670E+00,+2.779051E+00
-375.000E-03,+1.176036E+00,+4.502670E+00,+2.779051E+00
-373.438E-03,+1.181062E+00,+4.502670E+00,+2.779051E+00
-371.875E-03,+1.186087E+00,+4.502670E+00,+2.779051E+00
-370.313E-03,+1.191112E+00,+4.502670E+00,+2.779051E+00
-368.750E-03,+1.191112E+00,+4.502670E+00,+2.779051E+00
-367.188E-03,+1.191112E+00,+4.502670E+00,+2.779051E+00
-365.625E-03,+1.191112E+00,+4.502670E+00,+2.779051E+00
-364.063E-03,+1.191112E+00,+4.502670E+00,+2.779051E+00
-362.500E-03,+1.191112E+00,+4.502670E+00,+2.779051E+00
-360.938E-03,+1.191112E+00,+4.502670E+00,+2.779051E+00
-359.375E-03,+1.191112E+00,+4.502670E+00,+2.779051E+00
-357.813E-03,+1.191112E+00,+4.502670E+00,+2.779051E+00
-356.250E-03,+1.191112E+00,+4.502670E+00,+2.779051E+00
-354.688E-03,+1.191112E+00,+4.502670E+00,+2.779051E+00
-353.125E-03,+1.191112E+00,+4.502670E+00,+2.779051E+00
-351.563E-03,+1.191112E+00,+4.502670E+00,+2.779051E+00
-350.000E-03,+1.191112E+00,+4.502670E+00,+2.779051E+00
-348.438E-03,+1.191112E+00,+4.502670E+00,+2.779051E+00
-346.875E-03,+1.191112E+00,+4.502670E+00,+2.779051E+00
-345.313E-03,+1.191112E+00,+4.502670E+00,+2.779051E+00
-343.750E-03,+1.191112E+00,+4.502670E+00,+2.779051E+00
-342.188E-03,+1.191112E+00,+4.502670E+00,+2.779051E+00
-340.625E-03,+1.191112E+00,+4.502670E+00,+2.779051E+00
-339.063E-03,+1.196137E+00,+4.502670E+00,+2.769001E+00
-337.500E-03,+1.196137E+00,+4.502670E+00,+2.774026E+00
-335.938E-03,+1.196137E+00,+4.502670E+00,+2.774026E+00
-334.375E-03,+1.196137E+00,+4.502670E+00,+2.774026E+00
-332.813E-03,+1.196137E+00,+4.502670E+00,+2.774026E+00
-331.250E-03,+1.196137E+00,+4.502670E+00,+2.774026E+00
-329.688E-03,+1.191112E+00,+4.502670E+00,+2.774026E+00
-328.125E-03,+1.191112E+00,+4.502670E+00,+2.774026E+00
-326.563E-03,+1.196137E+00,+4.502670E+00,+2.774026E+00
-325.000E-03,+1.196137E+00,+4.502670E+00,+2.774026E+00
-323.438E-03,+1.196137E+00,+4.502670E+00,+2.774026E+00
-321.875E-03,+1.196137E+00,+4.502670E+00,+2.774026E+00
-320.313E-03,+1.191112E+00,+4.502670E+00,+2.774026E+00
-318.750E-03,+1.191112E+00,+4.502670E+00,+2.774026E+00
-317.188E-03,+1.196137E+00,+4.502670E+00,+2.774026E+00
-315.625E-03,+1.196137E+00,+4.502670E+00,+2.774026E+00
-314.063E-03,+1.196137E+00,+4.502670E+00,+2.774026E+00
-312.500E-03,+1.191112E+00,+4.502670E+00,+2.774026E+00
-310.938E-03,+1.191112E+00,+4.502670E+00,+2.774026E+00
-309.375E-03,+1.196137E+00,+4.502670E+00,+2.774026E+00
-307.813E-03,+1.196137E+00,+4.502670E+00,+2.774026E+00
-306.250E-03,+1.191112E+00,+4.502670E+00,+2.784077E+00
-304.688E-03,+1.191112E+00,+4.502670E+00,+2.789102E+00
-303.125E-03,+1.191112E+00,+4.502670E+00,+2.789102E+00
-301.563E-03,+1.191112E+00,+4.502670E+00,+2.784077E+00
-300.000E-03,+1.191112E+00,+4.502670E+00,+2.789102E+00
-298.438E-03,+1.191112E+00,+4.502670E+00,+2.789102E+00
-296.875E-03,+1.191112E+00,+4.502670E+00,+2.789102E+00
-295.313E-03,+1.191112E+00,+4.502670E+00,+2.789102E+00
-293.750E-03,+1.191112E+00,+4.502670E+00,+2.789102E+00
-292.188E-03,+1.191112E+00,+4.502670E+00,+2.789102E+00
-290.625E-03,+1.191112E+00,+4.502670E+00,+2.789102E+00
-289.063E-03,+1.191112E+00,+4.502670E+00,+2.789102E+00
-287.500E-03,+1.191112E+00,+4.502670E+00,+2.784077E+00
-285.938E-03,+1.191112E+00,+4.502670E+00,+2.789102E+00
-284.375E-03,+1.191112E+00,+4.502670E+00,+2.784077E+00
-282.813E-03,+1.191112E+00,+4.502670E+00,+2.784077E+00
-281.250E-03,+1.191112E+00,+4.502670E+00,+2.789102E+00
-279.688E-03,+1.191112E+00,+4.502670E+00,+2.784077E+00
-278.125E-03,+1.191112E+00,+4.502670E+00,+2.789102E+00
-276.563E-03,+1.191112E+00,+4.502670E+00,+2.789102E+00
-275.000E-03,+1.191112E+00,+4.502670E+00,+2.789102E+00
-273.438E-03,+1.191112E+00,+4.502670E+00,+2.789102E+00
-271.875E-03,+1.191112E+00,+4.502670E+00,+2.789102E+00
-270.313E-03,+1.191112E+00,+4.502670E+00,+2.789102E+00
-268.750E-03,+1.191112E+00,+4.502670E+00,+2.789102E+00
-267.188E-03,+1.191112E+00,+4.502670E+00,+2.789102E+00
-265.625E-03,+1.191112E+00,+4.502670E+00,+2.789102E+00
-264.063E-03,+1.191112E+00,+4.502670E+00,+2.784077E+00
-262.500E-03,+1.191112E+00,+4.502670E+00,+2.789102E+00
-260.938E-03,+1.191112E+00,+4.502670E+00,+2.789102E+00
-259.375E-03,+1.191112E+00,+4.502670E+00,+2.789102E+00
-257.813E-03,+1.216237E+00,+4.502670E+00,+2.779051E+00
-256.250E-03,+1.271514E+00,+4.502670E+00,+2.769001E+00
-254.688E-03,+1.271514E+00,+4.502670E+00,+2.769001E+00
-253.125E-03,+1.271514E+00,+4.502670E+00,+2.763976E+00
-251.563E-03,+1.271514E+00,+4.502670E+00,+2.769001E+00
-250.000E-03,+1.271514E+00,+4.502670E+00,+2.769001E+00
-248.438E-03,+1.271514E+00,+4.502670E+00,+2.763976E+00
-246.875E-03,+1.271514E+00,+4.502670E+00,+2.769001E+00
-245.313E-03,+1.271514E+00,+4.502670E+00,+2.769001E+00
-243.750E-03,+1.271514E+00,+4.502670E+00,+2.763976E+00
-242.188E-03,+1.271514E+00,+4.502670E+00,+2.763976E+00
-240.625E-03,+1.271514E+00,+4.502670E+00,+2.763976E+00
-239.063E-03,+1.271514E+00,+4.502670E+00,+2.763976E+00
-237.500E-03,+1.271514E+00,+4.502670E+00,+2.763976E+00
-235.938E-03,+1.271514E+00,+4.502670E+00,+2.763976E+00
-234.375E-03,+1.271514E+00,+4.502670E+00,+2.769001E+00
-232.813E-03,+1.271514E+00,+4.502670E+00,+2.763976E+00
-231.250E-03,+1.271514E+00,+4.502670E+00,+2.769001E+00
-229.688E-03,+1.271514E+00,+4.502670E+00,+2.769001E+00
-228.125E-03,+1.271514E+00,+4.502670E+00,+2.769001E+00
-226.563E-03,+1.271514E+00,+4.502670E+00,+2.763976E+00
-225.000E-03,+1.256438E+00,+4.502670E+00,+2.774026E+00
-223.438E-03,+1.186087E+00,+4.502670E+00,+2.784077E+00
-221.875E-03,+1.191112E+00,+4.502670E+00,+2.789102E+00
-220.313E-03,+1.191112E+00,+4.502670E+00,+2.784077E+00
-218.750E-03,+1.191112E+00,+4.502670E+00,+2.784077E+00
-217.188E-03,+1.191112E+00,+4.502670E+00,+2.784077E+00
-215.625E-03,+1.191112E+00,+4.502670E+00,+2.784077E+00
-214.063E-03,+1.191112E+00,+4.502670E+00,+2.784077E+00
-212.500E-03,+1.191112E+00,+4.502670E+00,+2.784077E+00
-210.938E-03,+1.191112E+00,+4.502670E+00,+2.784077E+00
-209.375E-03,+1.191112E+00,+4.502670E+00,+2.789102E+00
-207.813E-03,+1.191112E+00,+4.502670E+00,+2.784077E+00
-206.250E-03,+1.191112E+00,+4.502670E+00,+2.784077E+00
-204.688E-03,+1.191112E+00,+4.502670E+00,+2.784077E+00
-203.125E-03,+1.191112E+00,+4.502670E+00,+2.784077E+00
-201.563E-03,+1.191112E+00,+4.502670E+00,+2.784077E+00
-200.000E-03,+1.191112E+00,+4.502670E+00,+2.789102E+00
-198.438E-03,+1.191112E+00,+4.502670E+00,+2.784077E+00
-196.875E-03,+1.191112E+00,+4.502670E+00,+2.789102E+00
-195.313E-03,+1.191112E+00,+4.502670E+00,+2.789102E+00
-193.750E-03,+1.191112E+00,+4.502670E+00,+2.789102E+00
-192.188E-03,+1.191112E+00,+4.502670E+00,+2.784077E+00
-190.625E-03,+1.186087E+00,+4.502670E+00,+2.774026E+00
-189.063E-03,+1.186087E+00,+4.502670E+00,+2.774026E+00
-187.500E-03,+1.186087E+00,+4.502670E+00,+2.774026E+00
-185.938E-03,+1.186087E+00,+4.502670E+00,+2.774026E+00
-184.375E-03,+1.186087E+00,+4.502670E+00,+2.774026E+00
-182.813E-03,+1.186087E+00,+4.502670E+00,+2.774026E+00
-181.250E-03,+1.186087E+00,+4.502670E+00,+2.774026E+00
-179.688E-03,+1.186087E+00,+4.502670E+00,+2.774026E+00
-178.125E-03,+1.186087E+00,+4.502670E+00,+2.774026E+00
-176.563E-03,+1.186087E+00,+4.502670E+00,+2.774026E+00
-175.000E-03,+1.186087E+00,+4.502670E+00,+2.774026E+00
-173.438E-03,+1.186087E+00,+4.502670E+00,+2.774026E+00
-171.875E-03,+1.186087E+00,+4.502670E+00,+2.774026E+00
-170.313E-03,+1.186087E+00,+4.502670E+00,+2.774026E+00
-168.750E-03,+1.186087E+00,+4.502670E+00,+2.774026E+00
-167.188E-03,+1.186087E+00,+4.502670E+00,+2.774026E+00
-165.625E-03,+1.186087E+00,+4.502670E+00,+2.774026E+00
-164.063E-03,+1.181062E+00,+4.502670E+00,+2.774026E+00
-162.500E-03,+1.186087E+00,+4.502670E+00,+2.774026E+00
-160.938E-03,+1.206187E+00,+4.502670E+00,+2.769001E+00
-159.375E-03,+1.266489E+00,+4.502670E+00,+2.763976E+00
-157.813E-03,+1.266489E+00,+4.502670E+00,+2.763976E+00
-156.250E-03,+1.266489E+00,+4.502670E+00,+2.763976E+00
-154.688E-03,+1.266489E+00,+4.502670E+00,+2.763976E+00
-153.125E-03,+1.266489E+00,+4.502670E+00,+2.763976E+00
-151.563E-03,+1.266489E+00,+4.502670E+00,+2.763976E+00
-150.000E-03,+1.266489E+00,+4.502670E+00,+2.763976E+00
-148.438E-03,+1.266489E+00,+4.502670E+00,+2.763976E+00
-146.875E-03,+1.266489E+00,+4.502670E+00,+2.758951E+00
-145.313E-03,+1.266489E+00,+4.502670E+00,+2.763976E+00
-143.750E-03,+1.266489E+00,+4.502670E+00,+2.758951E+00
-142.188E-03,+1.266489E+00,+4.502670E+00,+2.758951E+00
-140.625E-03,+1.266489E+00,+4.502670E+00,+2.758951E+00
-139.063E-03,+1.266489E+00,+4.502670E+00,+2.758951E+00
-137.500E-03,+1.266489E+00,+4.502670E+00,+2.758951E+00
-135.938E-03,+1.266489E+00,+4.502670E+00,+2.758951E+00
-134.375E-03,+1.266489E+00,+4.502670E+00,+2.758951E+00
-132.813E-03,+1.266489E+00,+4.502670E+00,+2.758951E+00
-131.250E-03,+1.266489E+00,+4.502670E+00,+2.758951E+00
-129.688E-03,+1.226288E+00,+4.502670E+00,+2.758951E+00
-128.125E-03,+1.186087E+00,+4.502670E+00,+2.763976E+00
-126.563E-03,+1.186087E+00,+4.502670E+00,+2.763976E+00
-125.000E-03,+1.186087E+00,+4.502670E+00,+2.763976E+00
-123.438E-03,+1.186087E+00,+4.502670E+00,+2.758951E+00
-121.875E-03,+1.186087E+00,+4.502670E+00,+2.763976E+00
-120.313E-03,+1.181062E+00,+4.502670E+00,+2.763976E+00
-118.750E-03,+1.186087E+00,+4.502670E+00,+2.758951E+00
-117.188E-03,+1.186087E+00,+4.502670E+00,+2.758951E+00
-115.625E-03,+1.186087E+00,+4.502670E+00,+2.758951E+00
-114.063E-03,+1.186087E+00,+4.502670E+00,+2.758951E+00
-112.500E-03,+1.186087E+00,+4.502670E+00,+2.758951E+00
-110.938E-03,+1.186087E+00,+4.502670E+00,+2.758951E+00
-109.375E-03,+1.186087E+00,+4.502670E+00,+2.758951E+00
-107.813E-03,+1.186087E+00,+4.502670E+00,+2.758951E+00
-106.250E-03,+1.186087E+00,+4.502670E+00,+2.758951E+00
-104.688E-03,+1.186087E+00,+4.502670E+00,+2.758951E+00
-103.125E-03,+1.186087E+00,+4.502670E+00,+2.758951E+00
-101.563E-03,+1.186087E+00,+4.502670E+00,+2.763976E+00
-100.000E-03,+1.186087E+00,+4.502670E+00,+2.758951E+00
-98.438E-03,+1.191112E+00,+4.502670E+00,+2.758951E+00
-96.875E-03,+1.196137E+00,+4.502670E+00,+2.763976E+00
-95.313E-03,+1.196137E+00,+4.502670E+00,+2.763976E+00
-93.750E-03,+1.196137E+00,+4.502670E+00,+2.763976E+00
-92.188E-03,+1.196137E+00,+4.502670E+00,+2.758951E+00
-90.625E-03,+1.196137E+00,+4.502670E+00,+2.763976E+00
-89.063E-03,+1.196137E+00,+4.502670E+00,+2.758951E+00
-87.500E-03,+1.196137E+00,+4.502670E+00,+2.758951E+00
-85.938E-03,+1.196137E+00,+4.502670E+00,+2.763976E+00
-84.375E-03,+1.196137E+00,+4.502670E+00,+2.763976E+00
-82.813E-03,+1.196137E+00,+4.502670E+00,+2.758951E+00
-81.250E-03,+1.196137E+00,+4.502670E+00,+2.758951E+00
-79.688E-03,+1.196137E+00,+4.502670E+00,+2.758951E+00
-78.125E-03,+1.191112E+00,+4.502670E+00,+2.758951E+00
-76.563E-03,+1.196137E+00,+4.502670E+00,+2.763976E+00
-75.000E-03,+1.196137E+00,+4.502670E+00,+2.758951E+00
-73.438E-03,+1.191112E+00,+4.502670E+00,+2.758951E+00
-71.875E-03,+1.196137E+00,+4.502670E+00,+2.758951E+00
-70.313E-03,+1.196137E+00,+4.502670E+00,+2.758951E+00
-68.750E-03,+1.196137E+00,+4.502670E+00,+2.758951E+00
-67.188E-03,+1.196137E+00,+4.502670E+00,+2.758951E+00
-65.625E-03,+1.186087E+00,+4.502670E+00,+2.758951E+00
-64.063E-03,+1.186087E+00,+4.502670E+00,+2.758951E+00
-62.500E-03,+1.186087E+00,+4.502670E+00,+2.758951E+00
-60.938E-03,+1.186087E+00,+4.502670E+00,+2.758951E+00
-59.375E-03,+1.186087E+00,+4.502670E+00,+2.758951E+00
-57.813E-03,+1.186087E+00,+4.502670E+00,+2.763976E+00
-56.250E-03,+1.181062E+00,+4.502670E+00,+2.763976E+00
-54.688E-03,+1.181062E+00,+4.502670E+00,+2.758951E+00
-53.125E-03,+1.181062E+00,+4.502670E+00,+2.763976E+00
-51.563E-03,+1.181062E+00,+4.502670E+00,+2.763976E+00
-50.000E-03,+1.186087E+00,+4.502670E+00,+2.763976E+00
-48.438E-03,+1.186087E+00,+4.502670E+00,+2.763976E+00
-46.875E-03,+1.186087E+00,+4.502670E+00,+2.763976E+00
-45.313E-03,+1.186087E+00,+4.502670E+00,+2.758951E+00
-43.750E-03,+1.186087E+00,+4.502670E+00,+2.758951E+00
-42.188E-03,+1.186087E+00,+4.502670E+00,+2.758951E+00
-40.625E-03,+1.186087E+00,+4.502670E+00,+2.758951E+00
-39.063E-03,+1.186087E+00,+4.502670E+00,+2.758951E+00
-37.500E-03,+1.186087E+00,+4.502670E+00,+2.758951E+00
-35.938E-03,+1.186087E+00,+4.502670E+00,+2.758951E+00
-34.375E-03,+1.181062E+00,+4.502670E+00,+2.758951E+00
-32.813E-03,+1.186087E+00,+4.502670E+00,+2.763976E+00
-31.250E-03,+1.186087E+00,+4.502670E+00,+2.769001E+00
-29.688E-03,+1.181062E+00,+4.502670E+00,+2.769001E+00
-28.125E-03,+1.181062E+00,+4.502670E+00,+2.763976E+00
-26.563E-03,+1.181062E+00,+4.502670E+00,+2.769001E+00
-25.000E-03,+1.186087E+00,+4.502670E+00,+2.769001E+00
-23.438E-03,+1.186087E+00,+4.502670E+00,+2.769001E+00
-21.875E-03,+1.186087E+00,+4.502670E+00,+2.769001E+00
-20.313E-03,+1.186087E+00,+4.502670E+00,+2.769001E+00
-18.750E-03,+1.186087E+00,+4.502670E+00,+2.769001E+00
-17.188E-03,+1.186087E+00,+4.502670E+00,+2.769001E+00
-15.625E-03,+1.186087E+00,+4.502670E+00,+2.769001E+00
-14.063E-03,+1.186087E+00,+4.502670E+00,+2.769001E+00
-12.500E-03,+1.186087E+00,+4.502670E+00,+2.769001E+00
-10.938E-03,+1.186087E+00,+4.502670E+00,+2.769001E+00
-9.375E-03,+1.186087E+00,+4.502670E+00,+2.769001E+00
-7.813E-03,+1.186087E+00,+4.502670E+00,+2.769001E+00
-6.250E-03,+1.186087E+00,+4.502670E+00,+2.769001E+00
-4.688E-03,+1.186087E+00,+4.502670E+00,+2.769001E+00
-3.125E-03,+1.186087E+00,+4.502670E+00,+2.763976E+00
-1.563E-03,+1.241363E+00,+4.502670E+00,+2.748901E+00
